image_name,Target 1,Target 2
image_0,1,2
image_1,1,2
image_2,1,2
image_3,1,2
image_4,1,2
image_5,1,2
image_6,1,2
image_7,1,2
image_8,1,2
image_9,1,2
image_10,1,2
image_11,1,2
image_12,1,2
image_13,1,2
image_14,1,2
image_15,1,2
image_16,1,2
image_17,1,2
image_18,1,2
image_19,1,2
image_20,1,2
image_21,1,2
image_22,1,2
image_23,1,2
image_24,1,2
image_25,1,2
image_26,1,2
image_27,1,2
image_28,1,2
image_29,1,2
image_30,1,2
image_31,1,2
image_32,1,2
image_33,1,2
image_34,1,2
image_35,1,2
image_36,1,2
image_37,1,2
image_38,1,2
image_39,1,2
image_40,1,2
image_41,1,2
image_42,1,2
image_43,1,2
image_44,1,2
image_45,1,2
image_46,1,2
image_47,1,2
image_48,1,2
image_49,1,2
image_50,1,2
image_51,1,2
image_52,1,2
image_53,1,2
image_54,1,2
image_55,1,2
image_56,1,2
image_57,1,2
image_58,1,2
image_59,1,2
image_60,1,2
image_61,1,2
image_62,1,2
image_63,1,2
image_64,1,2
image_65,1,2
image_66,1,2
image_67,1,2
image_68,1,2
image_69,1,2
image_70,1,2
image_71,1,2
image_72,1,2
image_73,1,2
image_74,1,2
image_75,1,2
image_76,1,2
image_77,1,2
image_78,1,2
image_79,1,2
image_80,1,2
image_81,1,2
image_82,1,2
image_83,1,2
image_84,1,2
image_85,1,2
image_86,1,2
image_87,1,2
image_88,1,2
image_89,1,2
image_90,1,2
image_91,1,2
image_92,1,2
image_93,1,2
image_94,1,2
image_95,1,2
image_96,1,2
image_97,1,2
image_98,1,2
image_99,1,2
image_100,1,2
image_101,1,2
image_102,1,2
image_103,1,2
image_104,1,2
image_105,1,2
image_106,1,2
image_107,1,2
image_108,1,2
image_109,1,2
image_110,1,2
image_111,1,2
image_112,1,2
image_113,1,2
image_114,1,2
image_115,1,2
image_116,1,2
image_117,1,2
image_118,1,2
image_119,1,2
image_120,1,2
image_121,1,2
image_122,1,2
image_123,1,2
image_124,1,2
image_125,1,2
image_126,1,2
image_127,1,2
image_128,1,2
image_129,1,2
image_130,1,2
image_131,1,2
image_132,1,2
image_133,1,2
image_134,1,2
image_135,1,2
image_136,1,2
image_137,1,2
image_138,1,2
image_139,1,2
image_140,1,2
image_141,1,2
image_142,1,2
image_143,1,2
image_144,1,2
image_145,1,2
image_146,1,2
image_147,1,2
image_148,1,2
image_149,1,2
image_150,1,2
image_151,1,2
image_152,1,2
image_153,1,2
image_154,1,2
image_155,1,2
image_156,1,2
image_157,1,2
image_158,1,2
image_159,1,2
image_160,1,2
image_161,1,2
image_162,1,2
image_163,1,2
image_164,1,2
image_165,1,2
image_166,1,2
image_167,1,2
image_168,1,2
image_169,1,2
image_170,1,2
image_171,1,2
image_172,1,2
image_173,1,2
image_174,1,2
image_175,1,2
image_176,1,2
image_177,1,2
image_178,1,2
image_179,1,2
image_180,1,2
image_181,1,2
image_182,1,2
image_183,1,2
image_184,1,2
image_185,1,2
image_186,1,2
image_187,1,2
image_188,1,2
image_189,1,2
image_190,1,2
image_191,1,2
image_192,1,2
image_193,1,2
image_194,1,2
image_195,1,2
image_196,1,2
image_197,1,2
image_198,1,2
image_199,1,2
image_200,1,2
image_201,1,2
image_202,1,2
image_203,1,2
image_204,1,2
image_205,1,2
image_206,1,2
image_207,1,2
image_208,1,2
image_209,1,2
image_210,1,2
image_211,1,2
image_212,1,2
image_213,1,2
image_214,1,2
image_215,1,2
image_216,1,2
image_217,1,2
image_218,1,2
image_219,1,2
image_220,1,2
image_221,1,2
image_222,1,2
image_223,1,2
image_224,1,2
image_225,1,2
image_226,1,2
image_227,1,2
image_228,1,2
image_229,1,2
image_230,1,2
image_231,1,2
image_232,1,2
image_233,1,2
image_234,1,2
image_235,1,2
image_236,1,2
image_237,1,2
image_238,1,2
image_239,1,2
image_240,1,2
image_241,1,2
image_242,1,2
image_243,1,2
image_244,1,2
image_245,1,2
image_246,1,2
image_247,1,2
image_248,1,2
image_249,1,2
image_250,1,2
image_251,1,2
image_252,1,2
image_253,1,2
image_254,1,2
image_255,1,2
image_256,1,2
image_257,1,2
image_258,1,2
image_259,1,2
image_260,1,2
image_261,1,2
image_262,1,2
image_263,1,2
image_264,1,2
image_265,1,2
image_266,1,2
image_267,1,2
image_268,1,2
image_269,1,2
image_270,1,2
image_271,1,2
image_272,1,2
image_273,1,2
image_274,1,2
image_275,1,2
image_276,1,2
image_277,1,2
image_278,1,2
image_279,1,2
image_280,1,2
image_281,1,2
image_282,1,2
image_283,1,2
image_284,1,2
image_285,1,2
image_286,1,2
image_287,1,2
image_288,1,2
image_289,1,2
image_290,1,2
image_291,1,2
image_292,1,2
image_293,1,2
image_294,1,2
image_295,1,2
image_296,1,2
image_297,1,2
image_298,1,2
image_299,1,2
image_300,1,3
image_301,1,3
image_302,1,3
image_303,1,3
image_304,1,3
image_305,1,3
image_306,1,3
image_307,1,3
image_308,1,3
image_309,1,3
image_310,1,3
image_311,1,3
image_312,1,3
image_313,1,3
image_314,1,3
image_315,1,3
image_316,1,3
image_317,1,3
image_318,1,3
image_319,1,3
image_320,1,3
image_321,1,3
image_322,1,3
image_323,1,3
image_324,1,3
image_325,1,3
image_326,1,3
image_327,1,3
image_328,1,3
image_329,1,3
image_330,1,3
image_331,1,3
image_332,1,3
image_333,1,3
image_334,1,3
image_335,1,3
image_336,1,3
image_337,1,3
image_338,1,3
image_339,1,3
image_340,1,3
image_341,1,3
image_342,1,3
image_343,1,3
image_344,1,3
image_345,1,3
image_346,1,3
image_347,1,3
image_348,1,3
image_349,1,3
image_350,1,3
image_351,1,3
image_352,1,3
image_353,1,3
image_354,1,3
image_355,1,3
image_356,1,3
image_357,1,3
image_358,1,3
image_359,1,3
image_360,1,3
image_361,1,3
image_362,1,3
image_363,1,3
image_364,1,3
image_365,1,3
image_366,1,3
image_367,1,3
image_368,1,3
image_369,1,3
image_370,1,3
image_371,1,3
image_372,1,3
image_373,1,3
image_374,1,3
image_375,1,3
image_376,1,3
image_377,1,3
image_378,1,3
image_379,1,3
image_380,1,3
image_381,1,3
image_382,1,3
image_383,1,3
image_384,1,3
image_385,1,3
image_386,1,3
image_387,1,3
image_388,1,3
image_389,1,3
image_390,1,3
image_391,1,3
image_392,1,3
image_393,1,3
image_394,1,3
image_395,1,3
image_396,1,3
image_397,1,3
image_398,1,3
image_399,1,3
image_400,1,3
image_401,1,3
image_402,1,3
image_403,1,3
image_404,1,3
image_405,1,3
image_406,1,3
image_407,1,3
image_408,1,3
image_409,1,3
image_410,1,3
image_411,1,3
image_412,1,3
image_413,1,3
image_414,1,3
image_415,1,3
image_416,1,3
image_417,1,3
image_418,1,3
image_419,1,3
image_420,1,3
image_421,1,3
image_422,1,3
image_423,1,3
image_424,1,3
image_425,1,3
image_426,1,3
image_427,1,3
image_428,1,3
image_429,1,3
image_430,1,3
image_431,1,3
image_432,1,3
image_433,1,3
image_434,1,3
image_435,1,3
image_436,1,3
image_437,1,3
image_438,1,3
image_439,1,3
image_440,1,3
image_441,1,3
image_442,1,3
image_443,1,3
image_444,1,3
image_445,1,3
image_446,1,3
image_447,1,3
image_448,1,3
image_449,1,3
image_450,1,3
image_451,1,3
image_452,1,3
image_453,1,3
image_454,1,3
image_455,1,3
image_456,1,3
image_457,1,3
image_458,1,3
image_459,1,3
image_460,1,3
image_461,1,3
image_462,1,3
image_463,1,3
image_464,1,3
image_465,1,3
image_466,1,3
image_467,1,3
image_468,1,3
image_469,1,3
image_470,1,3
image_471,1,3
image_472,1,3
image_473,1,3
image_474,1,3
image_475,1,3
image_476,1,3
image_477,1,3
image_478,1,3
image_479,1,3
image_480,1,3
image_481,1,3
image_482,1,3
image_483,1,3
image_484,1,3
image_485,1,3
image_486,1,3
image_487,1,3
image_488,1,3
image_489,1,3
image_490,1,3
image_491,1,3
image_492,1,3
image_493,1,3
image_494,1,3
image_495,1,3
image_496,1,3
image_497,1,3
image_498,1,3
image_499,1,3
image_500,1,3
image_501,1,3
image_502,1,3
image_503,1,3
image_504,1,3
image_505,1,3
image_506,1,3
image_507,1,3
image_508,1,3
image_509,1,3
image_510,1,3
image_511,1,3
image_512,1,3
image_513,1,3
image_514,1,3
image_515,1,3
image_516,1,3
image_517,1,3
image_518,1,3
image_519,1,3
image_520,1,3
image_521,1,3
image_522,1,3
image_523,1,3
image_524,1,3
image_525,1,3
image_526,1,3
image_527,1,3
image_528,1,3
image_529,1,3
image_530,1,3
image_531,1,3
image_532,1,3
image_533,1,3
image_534,1,3
image_535,1,3
image_536,1,3
image_537,1,3
image_538,1,3
image_539,1,3
image_540,1,3
image_541,1,3
image_542,1,3
image_543,1,3
image_544,1,3
image_545,1,3
image_546,1,3
image_547,1,3
image_548,1,3
image_549,1,3
image_550,1,3
image_551,1,3
image_552,1,3
image_553,1,3
image_554,1,3
image_555,1,3
image_556,1,3
image_557,1,3
image_558,1,3
image_559,1,3
image_560,1,3
image_561,1,3
image_562,1,3
image_563,1,3
image_564,1,3
image_565,1,3
image_566,1,3
image_567,1,3
image_568,1,3
image_569,1,3
image_570,1,3
image_571,1,3
image_572,1,3
image_573,1,3
image_574,1,3
image_575,1,3
image_576,1,3
image_577,1,3
image_578,1,3
image_579,1,3
image_580,1,3
image_581,1,3
image_582,1,3
image_583,1,3
image_584,1,3
image_585,1,3
image_586,1,3
image_587,1,3
image_588,1,3
image_589,1,3
image_590,1,3
image_591,1,3
image_592,1,3
image_593,1,3
image_594,1,3
image_595,1,3
image_596,1,3
image_597,1,3
image_598,1,3
image_599,1,3
image_600,1,4
image_601,1,4
image_602,1,4
image_603,1,4
image_604,1,4
image_605,1,4
image_606,1,4
image_607,1,4
image_608,1,4
image_609,1,4
image_610,1,4
image_611,1,4
image_612,1,4
image_613,1,4
image_614,1,4
image_615,1,4
image_616,1,4
image_617,1,4
image_618,1,4
image_619,1,4
image_620,1,4
image_621,1,4
image_622,1,4
image_623,1,4
image_624,1,4
image_625,1,4
image_626,1,4
image_627,1,4
image_628,1,4
image_629,1,4
image_630,1,4
image_631,1,4
image_632,1,4
image_633,1,4
image_634,1,4
image_635,1,4
image_636,1,4
image_637,1,4
image_638,1,4
image_639,1,4
image_640,1,4
image_641,1,4
image_642,1,4
image_643,1,4
image_644,1,4
image_645,1,4
image_646,1,4
image_647,1,4
image_648,1,4
image_649,1,4
image_650,1,4
image_651,1,4
image_652,1,4
image_653,1,4
image_654,1,4
image_655,1,4
image_656,1,4
image_657,1,4
image_658,1,4
image_659,1,4
image_660,1,4
image_661,1,4
image_662,1,4
image_663,1,4
image_664,1,4
image_665,1,4
image_666,1,4
image_667,1,4
image_668,1,4
image_669,1,4
image_670,1,4
image_671,1,4
image_672,1,4
image_673,1,4
image_674,1,4
image_675,1,4
image_676,1,4
image_677,1,4
image_678,1,4
image_679,1,4
image_680,1,4
image_681,1,4
image_682,1,4
image_683,1,4
image_684,1,4
image_685,1,4
image_686,1,4
image_687,1,4
image_688,1,4
image_689,1,4
image_690,1,4
image_691,1,4
image_692,1,4
image_693,1,4
image_694,1,4
image_695,1,4
image_696,1,4
image_697,1,4
image_698,1,4
image_699,1,4
image_700,1,4
image_701,1,4
image_702,1,4
image_703,1,4
image_704,1,4
image_705,1,4
image_706,1,4
image_707,1,4
image_708,1,4
image_709,1,4
image_710,1,4
image_711,1,4
image_712,1,4
image_713,1,4
image_714,1,4
image_715,1,4
image_716,1,4
image_717,1,4
image_718,1,4
image_719,1,4
image_720,1,4
image_721,1,4
image_722,1,4
image_723,1,4
image_724,1,4
image_725,1,4
image_726,1,4
image_727,1,4
image_728,1,4
image_729,1,4
image_730,1,4
image_731,1,4
image_732,1,4
image_733,1,4
image_734,1,4
image_735,1,4
image_736,1,4
image_737,1,4
image_738,1,4
image_739,1,4
image_740,1,4
image_741,1,4
image_742,1,4
image_743,1,4
image_744,1,4
image_745,1,4
image_746,1,4
image_747,1,4
image_748,1,4
image_749,1,4
image_750,1,4
image_751,1,4
image_752,1,4
image_753,1,4
image_754,1,4
image_755,1,4
image_756,1,4
image_757,1,4
image_758,1,4
image_759,1,4
image_760,1,4
image_761,1,4
image_762,1,4
image_763,1,4
image_764,1,4
image_765,1,4
image_766,1,4
image_767,1,4
image_768,1,4
image_769,1,4
image_770,1,4
image_771,1,4
image_772,1,4
image_773,1,4
image_774,1,4
image_775,1,4
image_776,1,4
image_777,1,4
image_778,1,4
image_779,1,4
image_780,1,4
image_781,1,4
image_782,1,4
image_783,1,4
image_784,1,4
image_785,1,4
image_786,1,4
image_787,1,4
image_788,1,4
image_789,1,4
image_790,1,4
image_791,1,4
image_792,1,4
image_793,1,4
image_794,1,4
image_795,1,4
image_796,1,4
image_797,1,4
image_798,1,4
image_799,1,4
image_800,1,4
image_801,1,4
image_802,1,4
image_803,1,4
image_804,1,4
image_805,1,4
image_806,1,4
image_807,1,4
image_808,1,4
image_809,1,4
image_810,1,4
image_811,1,4
image_812,1,4
image_813,1,4
image_814,1,4
image_815,1,4
image_816,1,4
image_817,1,4
image_818,1,4
image_819,1,4
image_820,1,4
image_821,1,4
image_822,1,4
image_823,1,4
image_824,1,4
image_825,1,4
image_826,1,4
image_827,1,4
image_828,1,4
image_829,1,4
image_830,1,4
image_831,1,4
image_832,1,4
image_833,1,4
image_834,1,4
image_835,1,4
image_836,1,4
image_837,1,4
image_838,1,4
image_839,1,4
image_840,1,4
image_841,1,4
image_842,1,4
image_843,1,4
image_844,1,4
image_845,1,4
image_846,1,4
image_847,1,4
image_848,1,4
image_849,1,4
image_850,1,4
image_851,1,4
image_852,1,4
image_853,1,4
image_854,1,4
image_855,1,4
image_856,1,4
image_857,1,4
image_858,1,4
image_859,1,4
image_860,1,4
image_861,1,4
image_862,1,4
image_863,1,4
image_864,1,4
image_865,1,4
image_866,1,4
image_867,1,4
image_868,1,4
image_869,1,4
image_870,1,4
image_871,1,4
image_872,1,4
image_873,1,4
image_874,1,4
image_875,1,4
image_876,1,4
image_877,1,4
image_878,1,4
image_879,1,4
image_880,1,4
image_881,1,4
image_882,1,4
image_883,1,4
image_884,1,4
image_885,1,4
image_886,1,4
image_887,1,4
image_888,1,4
image_889,1,4
image_890,1,4
image_891,1,4
image_892,1,4
image_893,1,4
image_894,1,4
image_895,1,4
image_896,1,4
image_897,1,4
image_898,1,4
image_899,1,4
image_900,1,5
image_901,1,5
image_902,1,5
image_903,1,5
image_904,1,5
image_905,1,5
image_906,1,5
image_907,1,5
image_908,1,5
image_909,1,5
image_910,1,5
image_911,1,5
image_912,1,5
image_913,1,5
image_914,1,5
image_915,1,5
image_916,1,5
image_917,1,5
image_918,1,5
image_919,1,5
image_920,1,5
image_921,1,5
image_922,1,5
image_923,1,5
image_924,1,5
image_925,1,5
image_926,1,5
image_927,1,5
image_928,1,5
image_929,1,5
image_930,1,5
image_931,1,5
image_932,1,5
image_933,1,5
image_934,1,5
image_935,1,5
image_936,1,5
image_937,1,5
image_938,1,5
image_939,1,5
image_940,1,5
image_941,1,5
image_942,1,5
image_943,1,5
image_944,1,5
image_945,1,5
image_946,1,5
image_947,1,5
image_948,1,5
image_949,1,5
image_950,1,5
image_951,1,5
image_952,1,5
image_953,1,5
image_954,1,5
image_955,1,5
image_956,1,5
image_957,1,5
image_958,1,5
image_959,1,5
image_960,1,5
image_961,1,5
image_962,1,5
image_963,1,5
image_964,1,5
image_965,1,5
image_966,1,5
image_967,1,5
image_968,1,5
image_969,1,5
image_970,1,5
image_971,1,5
image_972,1,5
image_973,1,5
image_974,1,5
image_975,1,5
image_976,1,5
image_977,1,5
image_978,1,5
image_979,1,5
image_980,1,5
image_981,1,5
image_982,1,5
image_983,1,5
image_984,1,5
image_985,1,5
image_986,1,5
image_987,1,5
image_988,1,5
image_989,1,5
image_990,1,5
image_991,1,5
image_992,1,5
image_993,1,5
image_994,1,5
image_995,1,5
image_996,1,5
image_997,1,5
image_998,1,5
image_999,1,5
image_1000,1,5
image_1001,1,5
image_1002,1,5
image_1003,1,5
image_1004,1,5
image_1005,1,5
image_1006,1,5
image_1007,1,5
image_1008,1,5
image_1009,1,5
image_1010,1,5
image_1011,1,5
image_1012,1,5
image_1013,1,5
image_1014,1,5
image_1015,1,5
image_1016,1,5
image_1017,1,5
image_1018,1,5
image_1019,1,5
image_1020,1,5
image_1021,1,5
image_1022,1,5
image_1023,1,5
image_1024,1,5
image_1025,1,5
image_1026,1,5
image_1027,1,5
image_1028,1,5
image_1029,1,5
image_1030,1,5
image_1031,1,5
image_1032,1,5
image_1033,1,5
image_1034,1,5
image_1035,1,5
image_1036,1,5
image_1037,1,5
image_1038,1,5
image_1039,1,5
image_1040,1,5
image_1041,1,5
image_1042,1,5
image_1043,1,5
image_1044,1,5
image_1045,1,5
image_1046,1,5
image_1047,1,5
image_1048,1,5
image_1049,1,5
image_1050,1,5
image_1051,1,5
image_1052,1,5
image_1053,1,5
image_1054,1,5
image_1055,1,5
image_1056,1,5
image_1057,1,5
image_1058,1,5
image_1059,1,5
image_1060,1,5
image_1061,1,5
image_1062,1,5
image_1063,1,5
image_1064,1,5
image_1065,1,5
image_1066,1,5
image_1067,1,5
image_1068,1,5
image_1069,1,5
image_1070,1,5
image_1071,1,5
image_1072,1,5
image_1073,1,5
image_1074,1,5
image_1075,1,5
image_1076,1,5
image_1077,1,5
image_1078,1,5
image_1079,1,5
image_1080,1,5
image_1081,1,5
image_1082,1,5
image_1083,1,5
image_1084,1,5
image_1085,1,5
image_1086,1,5
image_1087,1,5
image_1088,1,5
image_1089,1,5
image_1090,1,5
image_1091,1,5
image_1092,1,5
image_1093,1,5
image_1094,1,5
image_1095,1,5
image_1096,1,5
image_1097,1,5
image_1098,1,5
image_1099,1,5
image_1100,1,5
image_1101,1,5
image_1102,1,5
image_1103,1,5
image_1104,1,5
image_1105,1,5
image_1106,1,5
image_1107,1,5
image_1108,1,5
image_1109,1,5
image_1110,1,5
image_1111,1,5
image_1112,1,5
image_1113,1,5
image_1114,1,5
image_1115,1,5
image_1116,1,5
image_1117,1,5
image_1118,1,5
image_1119,1,5
image_1120,1,5
image_1121,1,5
image_1122,1,5
image_1123,1,5
image_1124,1,5
image_1125,1,5
image_1126,1,5
image_1127,1,5
image_1128,1,5
image_1129,1,5
image_1130,1,5
image_1131,1,5
image_1132,1,5
image_1133,1,5
image_1134,1,5
image_1135,1,5
image_1136,1,5
image_1137,1,5
image_1138,1,5
image_1139,1,5
image_1140,1,5
image_1141,1,5
image_1142,1,5
image_1143,1,5
image_1144,1,5
image_1145,1,5
image_1146,1,5
image_1147,1,5
image_1148,1,5
image_1149,1,5
image_1150,1,5
image_1151,1,5
image_1152,1,5
image_1153,1,5
image_1154,1,5
image_1155,1,5
image_1156,1,5
image_1157,1,5
image_1158,1,5
image_1159,1,5
image_1160,1,5
image_1161,1,5
image_1162,1,5
image_1163,1,5
image_1164,1,5
image_1165,1,5
image_1166,1,5
image_1167,1,5
image_1168,1,5
image_1169,1,5
image_1170,1,5
image_1171,1,5
image_1172,1,5
image_1173,1,5
image_1174,1,5
image_1175,1,5
image_1176,1,5
image_1177,1,5
image_1178,1,5
image_1179,1,5
image_1180,1,5
image_1181,1,5
image_1182,1,5
image_1183,1,5
image_1184,1,5
image_1185,1,5
image_1186,1,5
image_1187,1,5
image_1188,1,5
image_1189,1,5
image_1190,1,5
image_1191,1,5
image_1192,1,5
image_1193,1,5
image_1194,1,5
image_1195,1,5
image_1196,1,5
image_1197,1,5
image_1198,1,5
image_1199,1,5
image_1200,1,6
image_1201,1,6
image_1202,1,6
image_1203,1,6
image_1204,1,6
image_1205,1,6
image_1206,1,6
image_1207,1,6
image_1208,1,6
image_1209,1,6
image_1210,1,6
image_1211,1,6
image_1212,1,6
image_1213,1,6
image_1214,1,6
image_1215,1,6
image_1216,1,6
image_1217,1,6
image_1218,1,6
image_1219,1,6
image_1220,1,6
image_1221,1,6
image_1222,1,6
image_1223,1,6
image_1224,1,6
image_1225,1,6
image_1226,1,6
image_1227,1,6
image_1228,1,6
image_1229,1,6
image_1230,1,6
image_1231,1,6
image_1232,1,6
image_1233,1,6
image_1234,1,6
image_1235,1,6
image_1236,1,6
image_1237,1,6
image_1238,1,6
image_1239,1,6
image_1240,1,6
image_1241,1,6
image_1242,1,6
image_1243,1,6
image_1244,1,6
image_1245,1,6
image_1246,1,6
image_1247,1,6
image_1248,1,6
image_1249,1,6
image_1250,1,6
image_1251,1,6
image_1252,1,6
image_1253,1,6
image_1254,1,6
image_1255,1,6
image_1256,1,6
image_1257,1,6
image_1258,1,6
image_1259,1,6
image_1260,1,6
image_1261,1,6
image_1262,1,6
image_1263,1,6
image_1264,1,6
image_1265,1,6
image_1266,1,6
image_1267,1,6
image_1268,1,6
image_1269,1,6
image_1270,1,6
image_1271,1,6
image_1272,1,6
image_1273,1,6
image_1274,1,6
image_1275,1,6
image_1276,1,6
image_1277,1,6
image_1278,1,6
image_1279,1,6
image_1280,1,6
image_1281,1,6
image_1282,1,6
image_1283,1,6
image_1284,1,6
image_1285,1,6
image_1286,1,6
image_1287,1,6
image_1288,1,6
image_1289,1,6
image_1290,1,6
image_1291,1,6
image_1292,1,6
image_1293,1,6
image_1294,1,6
image_1295,1,6
image_1296,1,6
image_1297,1,6
image_1298,1,6
image_1299,1,6
image_1300,1,6
image_1301,1,6
image_1302,1,6
image_1303,1,6
image_1304,1,6
image_1305,1,6
image_1306,1,6
image_1307,1,6
image_1308,1,6
image_1309,1,6
image_1310,1,6
image_1311,1,6
image_1312,1,6
image_1313,1,6
image_1314,1,6
image_1315,1,6
image_1316,1,6
image_1317,1,6
image_1318,1,6
image_1319,1,6
image_1320,1,6
image_1321,1,6
image_1322,1,6
image_1323,1,6
image_1324,1,6
image_1325,1,6
image_1326,1,6
image_1327,1,6
image_1328,1,6
image_1329,1,6
image_1330,1,6
image_1331,1,6
image_1332,1,6
image_1333,1,6
image_1334,1,6
image_1335,1,6
image_1336,1,6
image_1337,1,6
image_1338,1,6
image_1339,1,6
image_1340,1,6
image_1341,1,6
image_1342,1,6
image_1343,1,6
image_1344,1,6
image_1345,1,6
image_1346,1,6
image_1347,1,6
image_1348,1,6
image_1349,1,6
image_1350,1,6
image_1351,1,6
image_1352,1,6
image_1353,1,6
image_1354,1,6
image_1355,1,6
image_1356,1,6
image_1357,1,6
image_1358,1,6
image_1359,1,6
image_1360,1,6
image_1361,1,6
image_1362,1,6
image_1363,1,6
image_1364,1,6
image_1365,1,6
image_1366,1,6
image_1367,1,6
image_1368,1,6
image_1369,1,6
image_1370,1,6
image_1371,1,6
image_1372,1,6
image_1373,1,6
image_1374,1,6
image_1375,1,6
image_1376,1,6
image_1377,1,6
image_1378,1,6
image_1379,1,6
image_1380,1,6
image_1381,1,6
image_1382,1,6
image_1383,1,6
image_1384,1,6
image_1385,1,6
image_1386,1,6
image_1387,1,6
image_1388,1,6
image_1389,1,6
image_1390,1,6
image_1391,1,6
image_1392,1,6
image_1393,1,6
image_1394,1,6
image_1395,1,6
image_1396,1,6
image_1397,1,6
image_1398,1,6
image_1399,1,6
image_1400,1,6
image_1401,1,6
image_1402,1,6
image_1403,1,6
image_1404,1,6
image_1405,1,6
image_1406,1,6
image_1407,1,6
image_1408,1,6
image_1409,1,6
image_1410,1,6
image_1411,1,6
image_1412,1,6
image_1413,1,6
image_1414,1,6
image_1415,1,6
image_1416,1,6
image_1417,1,6
image_1418,1,6
image_1419,1,6
image_1420,1,6
image_1421,1,6
image_1422,1,6
image_1423,1,6
image_1424,1,6
image_1425,1,6
image_1426,1,6
image_1427,1,6
image_1428,1,6
image_1429,1,6
image_1430,1,6
image_1431,1,6
image_1432,1,6
image_1433,1,6
image_1434,1,6
image_1435,1,6
image_1436,1,6
image_1437,1,6
image_1438,1,6
image_1439,1,6
image_1440,1,6
image_1441,1,6
image_1442,1,6
image_1443,1,6
image_1444,1,6
image_1445,1,6
image_1446,1,6
image_1447,1,6
image_1448,1,6
image_1449,1,6
image_1450,1,6
image_1451,1,6
image_1452,1,6
image_1453,1,6
image_1454,1,6
image_1455,1,6
image_1456,1,6
image_1457,1,6
image_1458,1,6
image_1459,1,6
image_1460,1,6
image_1461,1,6
image_1462,1,6
image_1463,1,6
image_1464,1,6
image_1465,1,6
image_1466,1,6
image_1467,1,6
image_1468,1,6
image_1469,1,6
image_1470,1,6
image_1471,1,6
image_1472,1,6
image_1473,1,6
image_1474,1,6
image_1475,1,6
image_1476,1,6
image_1477,1,6
image_1478,1,6
image_1479,1,6
image_1480,1,6
image_1481,1,6
image_1482,1,6
image_1483,1,6
image_1484,1,6
image_1485,1,6
image_1486,1,6
image_1487,1,6
image_1488,1,6
image_1489,1,6
image_1490,1,6
image_1491,1,6
image_1492,1,6
image_1493,1,6
image_1494,1,6
image_1495,1,6
image_1496,1,6
image_1497,1,6
image_1498,1,6
image_1499,1,6
image_1500,1,7
image_1501,1,7
image_1502,1,7
image_1503,1,7
image_1504,1,7
image_1505,1,7
image_1506,1,7
image_1507,1,7
image_1508,1,7
image_1509,1,7
image_1510,1,7
image_1511,1,7
image_1512,1,7
image_1513,1,7
image_1514,1,7
image_1515,1,7
image_1516,1,7
image_1517,1,7
image_1518,1,7
image_1519,1,7
image_1520,1,7
image_1521,1,7
image_1522,1,7
image_1523,1,7
image_1524,1,7
image_1525,1,7
image_1526,1,7
image_1527,1,7
image_1528,1,7
image_1529,1,7
image_1530,1,7
image_1531,1,7
image_1532,1,7
image_1533,1,7
image_1534,1,7
image_1535,1,7
image_1536,1,7
image_1537,1,7
image_1538,1,7
image_1539,1,7
image_1540,1,7
image_1541,1,7
image_1542,1,7
image_1543,1,7
image_1544,1,7
image_1545,1,7
image_1546,1,7
image_1547,1,7
image_1548,1,7
image_1549,1,7
image_1550,1,7
image_1551,1,7
image_1552,1,7
image_1553,1,7
image_1554,1,7
image_1555,1,7
image_1556,1,7
image_1557,1,7
image_1558,1,7
image_1559,1,7
image_1560,1,7
image_1561,1,7
image_1562,1,7
image_1563,1,7
image_1564,1,7
image_1565,1,7
image_1566,1,7
image_1567,1,7
image_1568,1,7
image_1569,1,7
image_1570,1,7
image_1571,1,7
image_1572,1,7
image_1573,1,7
image_1574,1,7
image_1575,1,7
image_1576,1,7
image_1577,1,7
image_1578,1,7
image_1579,1,7
image_1580,1,7
image_1581,1,7
image_1582,1,7
image_1583,1,7
image_1584,1,7
image_1585,1,7
image_1586,1,7
image_1587,1,7
image_1588,1,7
image_1589,1,7
image_1590,1,7
image_1591,1,7
image_1592,1,7
image_1593,1,7
image_1594,1,7
image_1595,1,7
image_1596,1,7
image_1597,1,7
image_1598,1,7
image_1599,1,7
image_1600,1,7
image_1601,1,7
image_1602,1,7
image_1603,1,7
image_1604,1,7
image_1605,1,7
image_1606,1,7
image_1607,1,7
image_1608,1,7
image_1609,1,7
image_1610,1,7
image_1611,1,7
image_1612,1,7
image_1613,1,7
image_1614,1,7
image_1615,1,7
image_1616,1,7
image_1617,1,7
image_1618,1,7
image_1619,1,7
image_1620,1,7
image_1621,1,7
image_1622,1,7
image_1623,1,7
image_1624,1,7
image_1625,1,7
image_1626,1,7
image_1627,1,7
image_1628,1,7
image_1629,1,7
image_1630,1,7
image_1631,1,7
image_1632,1,7
image_1633,1,7
image_1634,1,7
image_1635,1,7
image_1636,1,7
image_1637,1,7
image_1638,1,7
image_1639,1,7
image_1640,1,7
image_1641,1,7
image_1642,1,7
image_1643,1,7
image_1644,1,7
image_1645,1,7
image_1646,1,7
image_1647,1,7
image_1648,1,7
image_1649,1,7
image_1650,1,7
image_1651,1,7
image_1652,1,7
image_1653,1,7
image_1654,1,7
image_1655,1,7
image_1656,1,7
image_1657,1,7
image_1658,1,7
image_1659,1,7
image_1660,1,7
image_1661,1,7
image_1662,1,7
image_1663,1,7
image_1664,1,7
image_1665,1,7
image_1666,1,7
image_1667,1,7
image_1668,1,7
image_1669,1,7
image_1670,1,7
image_1671,1,7
image_1672,1,7
image_1673,1,7
image_1674,1,7
image_1675,1,7
image_1676,1,7
image_1677,1,7
image_1678,1,7
image_1679,1,7
image_1680,1,7
image_1681,1,7
image_1682,1,7
image_1683,1,7
image_1684,1,7
image_1685,1,7
image_1686,1,7
image_1687,1,7
image_1688,1,7
image_1689,1,7
image_1690,1,7
image_1691,1,7
image_1692,1,7
image_1693,1,7
image_1694,1,7
image_1695,1,7
image_1696,1,7
image_1697,1,7
image_1698,1,7
image_1699,1,7
image_1700,1,7
image_1701,1,7
image_1702,1,7
image_1703,1,7
image_1704,1,7
image_1705,1,7
image_1706,1,7
image_1707,1,7
image_1708,1,7
image_1709,1,7
image_1710,1,7
image_1711,1,7
image_1712,1,7
image_1713,1,7
image_1714,1,7
image_1715,1,7
image_1716,1,7
image_1717,1,7
image_1718,1,7
image_1719,1,7
image_1720,1,7
image_1721,1,7
image_1722,1,7
image_1723,1,7
image_1724,1,7
image_1725,1,7
image_1726,1,7
image_1727,1,7
image_1728,1,7
image_1729,1,7
image_1730,1,7
image_1731,1,7
image_1732,1,7
image_1733,1,7
image_1734,1,7
image_1735,1,7
image_1736,1,7
image_1737,1,7
image_1738,1,7
image_1739,1,7
image_1740,1,7
image_1741,1,7
image_1742,1,7
image_1743,1,7
image_1744,1,7
image_1745,1,7
image_1746,1,7
image_1747,1,7
image_1748,1,7
image_1749,1,7
image_1750,1,7
image_1751,1,7
image_1752,1,7
image_1753,1,7
image_1754,1,7
image_1755,1,7
image_1756,1,7
image_1757,1,7
image_1758,1,7
image_1759,1,7
image_1760,1,7
image_1761,1,7
image_1762,1,7
image_1763,1,7
image_1764,1,7
image_1765,1,7
image_1766,1,7
image_1767,1,7
image_1768,1,7
image_1769,1,7
image_1770,1,7
image_1771,1,7
image_1772,1,7
image_1773,1,7
image_1774,1,7
image_1775,1,7
image_1776,1,7
image_1777,1,7
image_1778,1,7
image_1779,1,7
image_1780,1,7
image_1781,1,7
image_1782,1,7
image_1783,1,7
image_1784,1,7
image_1785,1,7
image_1786,1,7
image_1787,1,7
image_1788,1,7
image_1789,1,7
image_1790,1,7
image_1791,1,7
image_1792,1,7
image_1793,1,7
image_1794,1,7
image_1795,1,7
image_1796,1,7
image_1797,1,7
image_1798,1,7
image_1799,1,7
image_1800,2,3
image_1801,2,3
image_1802,2,3
image_1803,2,3
image_1804,2,3
image_1805,2,3
image_1806,2,3
image_1807,2,3
image_1808,2,3
image_1809,2,3
image_1810,2,3
image_1811,2,3
image_1812,2,3
image_1813,2,3
image_1814,2,3
image_1815,2,3
image_1816,2,3
image_1817,2,3
image_1818,2,3
image_1819,2,3
image_1820,2,3
image_1821,2,3
image_1822,2,3
image_1823,2,3
image_1824,2,3
image_1825,2,3
image_1826,2,3
image_1827,2,3
image_1828,2,3
image_1829,2,3
image_1830,2,3
image_1831,2,3
image_1832,2,3
image_1833,2,3
image_1834,2,3
image_1835,2,3
image_1836,2,3
image_1837,2,3
image_1838,2,3
image_1839,2,3
image_1840,2,3
image_1841,2,3
image_1842,2,3
image_1843,2,3
image_1844,2,3
image_1845,2,3
image_1846,2,3
image_1847,2,3
image_1848,2,3
image_1849,2,3
image_1850,2,3
image_1851,2,3
image_1852,2,3
image_1853,2,3
image_1854,2,3
image_1855,2,3
image_1856,2,3
image_1857,2,3
image_1858,2,3
image_1859,2,3
image_1860,2,3
image_1861,2,3
image_1862,2,3
image_1863,2,3
image_1864,2,3
image_1865,2,3
image_1866,2,3
image_1867,2,3
image_1868,2,3
image_1869,2,3
image_1870,2,3
image_1871,2,3
image_1872,2,3
image_1873,2,3
image_1874,2,3
image_1875,2,3
image_1876,2,3
image_1877,2,3
image_1878,2,3
image_1879,2,3
image_1880,2,3
image_1881,2,3
image_1882,2,3
image_1883,2,3
image_1884,2,3
image_1885,2,3
image_1886,2,3
image_1887,2,3
image_1888,2,3
image_1889,2,3
image_1890,2,3
image_1891,2,3
image_1892,2,3
image_1893,2,3
image_1894,2,3
image_1895,2,3
image_1896,2,3
image_1897,2,3
image_1898,2,3
image_1899,2,3
image_1900,2,3
image_1901,2,3
image_1902,2,3
image_1903,2,3
image_1904,2,3
image_1905,2,3
image_1906,2,3
image_1907,2,3
image_1908,2,3
image_1909,2,3
image_1910,2,3
image_1911,2,3
image_1912,2,3
image_1913,2,3
image_1914,2,3
image_1915,2,3
image_1916,2,3
image_1917,2,3
image_1918,2,3
image_1919,2,3
image_1920,2,3
image_1921,2,3
image_1922,2,3
image_1923,2,3
image_1924,2,3
image_1925,2,3
image_1926,2,3
image_1927,2,3
image_1928,2,3
image_1929,2,3
image_1930,2,3
image_1931,2,3
image_1932,2,3
image_1933,2,3
image_1934,2,3
image_1935,2,3
image_1936,2,3
image_1937,2,3
image_1938,2,3
image_1939,2,3
image_1940,2,3
image_1941,2,3
image_1942,2,3
image_1943,2,3
image_1944,2,3
image_1945,2,3
image_1946,2,3
image_1947,2,3
image_1948,2,3
image_1949,2,3
image_1950,2,3
image_1951,2,3
image_1952,2,3
image_1953,2,3
image_1954,2,3
image_1955,2,3
image_1956,2,3
image_1957,2,3
image_1958,2,3
image_1959,2,3
image_1960,2,3
image_1961,2,3
image_1962,2,3
image_1963,2,3
image_1964,2,3
image_1965,2,3
image_1966,2,3
image_1967,2,3
image_1968,2,3
image_1969,2,3
image_1970,2,3
image_1971,2,3
image_1972,2,3
image_1973,2,3
image_1974,2,3
image_1975,2,3
image_1976,2,3
image_1977,2,3
image_1978,2,3
image_1979,2,3
image_1980,2,3
image_1981,2,3
image_1982,2,3
image_1983,2,3
image_1984,2,3
image_1985,2,3
image_1986,2,3
image_1987,2,3
image_1988,2,3
image_1989,2,3
image_1990,2,3
image_1991,2,3
image_1992,2,3
image_1993,2,3
image_1994,2,3
image_1995,2,3
image_1996,2,3
image_1997,2,3
image_1998,2,3
image_1999,2,3
image_2000,2,3
image_2001,2,3
image_2002,2,3
image_2003,2,3
image_2004,2,3
image_2005,2,3
image_2006,2,3
image_2007,2,3
image_2008,2,3
image_2009,2,3
image_2010,2,3
image_2011,2,3
image_2012,2,3
image_2013,2,3
image_2014,2,3
image_2015,2,3
image_2016,2,3
image_2017,2,3
image_2018,2,3
image_2019,2,3
image_2020,2,3
image_2021,2,3
image_2022,2,3
image_2023,2,3
image_2024,2,3
image_2025,2,3
image_2026,2,3
image_2027,2,3
image_2028,2,3
image_2029,2,3
image_2030,2,3
image_2031,2,3
image_2032,2,3
image_2033,2,3
image_2034,2,3
image_2035,2,3
image_2036,2,3
image_2037,2,3
image_2038,2,3
image_2039,2,3
image_2040,2,3
image_2041,2,3
image_2042,2,3
image_2043,2,3
image_2044,2,3
image_2045,2,3
image_2046,2,3
image_2047,2,3
image_2048,2,3
image_2049,2,3
image_2050,2,3
image_2051,2,3
image_2052,2,3
image_2053,2,3
image_2054,2,3
image_2055,2,3
image_2056,2,3
image_2057,2,3
image_2058,2,3
image_2059,2,3
image_2060,2,3
image_2061,2,3
image_2062,2,3
image_2063,2,3
image_2064,2,3
image_2065,2,3
image_2066,2,3
image_2067,2,3
image_2068,2,3
image_2069,2,3
image_2070,2,3
image_2071,2,3
image_2072,2,3
image_2073,2,3
image_2074,2,3
image_2075,2,3
image_2076,2,3
image_2077,2,3
image_2078,2,3
image_2079,2,3
image_2080,2,3
image_2081,2,3
image_2082,2,3
image_2083,2,3
image_2084,2,3
image_2085,2,3
image_2086,2,3
image_2087,2,3
image_2088,2,3
image_2089,2,3
image_2090,2,3
image_2091,2,3
image_2092,2,3
image_2093,2,3
image_2094,2,3
image_2095,2,3
image_2096,2,3
image_2097,2,3
image_2098,2,3
image_2099,2,3
image_2100,2,4
image_2101,2,4
image_2102,2,4
image_2103,2,4
image_2104,2,4
image_2105,2,4
image_2106,2,4
image_2107,2,4
image_2108,2,4
image_2109,2,4
image_2110,2,4
image_2111,2,4
image_2112,2,4
image_2113,2,4
image_2114,2,4
image_2115,2,4
image_2116,2,4
image_2117,2,4
image_2118,2,4
image_2119,2,4
image_2120,2,4
image_2121,2,4
image_2122,2,4
image_2123,2,4
image_2124,2,4
image_2125,2,4
image_2126,2,4
image_2127,2,4
image_2128,2,4
image_2129,2,4
image_2130,2,4
image_2131,2,4
image_2132,2,4
image_2133,2,4
image_2134,2,4
image_2135,2,4
image_2136,2,4
image_2137,2,4
image_2138,2,4
image_2139,2,4
image_2140,2,4
image_2141,2,4
image_2142,2,4
image_2143,2,4
image_2144,2,4
image_2145,2,4
image_2146,2,4
image_2147,2,4
image_2148,2,4
image_2149,2,4
image_2150,2,4
image_2151,2,4
image_2152,2,4
image_2153,2,4
image_2154,2,4
image_2155,2,4
image_2156,2,4
image_2157,2,4
image_2158,2,4
image_2159,2,4
image_2160,2,4
image_2161,2,4
image_2162,2,4
image_2163,2,4
image_2164,2,4
image_2165,2,4
image_2166,2,4
image_2167,2,4
image_2168,2,4
image_2169,2,4
image_2170,2,4
image_2171,2,4
image_2172,2,4
image_2173,2,4
image_2174,2,4
image_2175,2,4
image_2176,2,4
image_2177,2,4
image_2178,2,4
image_2179,2,4
image_2180,2,4
image_2181,2,4
image_2182,2,4
image_2183,2,4
image_2184,2,4
image_2185,2,4
image_2186,2,4
image_2187,2,4
image_2188,2,4
image_2189,2,4
image_2190,2,4
image_2191,2,4
image_2192,2,4
image_2193,2,4
image_2194,2,4
image_2195,2,4
image_2196,2,4
image_2197,2,4
image_2198,2,4
image_2199,2,4
image_2200,2,4
image_2201,2,4
image_2202,2,4
image_2203,2,4
image_2204,2,4
image_2205,2,4
image_2206,2,4
image_2207,2,4
image_2208,2,4
image_2209,2,4
image_2210,2,4
image_2211,2,4
image_2212,2,4
image_2213,2,4
image_2214,2,4
image_2215,2,4
image_2216,2,4
image_2217,2,4
image_2218,2,4
image_2219,2,4
image_2220,2,4
image_2221,2,4
image_2222,2,4
image_2223,2,4
image_2224,2,4
image_2225,2,4
image_2226,2,4
image_2227,2,4
image_2228,2,4
image_2229,2,4
image_2230,2,4
image_2231,2,4
image_2232,2,4
image_2233,2,4
image_2234,2,4
image_2235,2,4
image_2236,2,4
image_2237,2,4
image_2238,2,4
image_2239,2,4
image_2240,2,4
image_2241,2,4
image_2242,2,4
image_2243,2,4
image_2244,2,4
image_2245,2,4
image_2246,2,4
image_2247,2,4
image_2248,2,4
image_2249,2,4
image_2250,2,4
image_2251,2,4
image_2252,2,4
image_2253,2,4
image_2254,2,4
image_2255,2,4
image_2256,2,4
image_2257,2,4
image_2258,2,4
image_2259,2,4
image_2260,2,4
image_2261,2,4
image_2262,2,4
image_2263,2,4
image_2264,2,4
image_2265,2,4
image_2266,2,4
image_2267,2,4
image_2268,2,4
image_2269,2,4
image_2270,2,4
image_2271,2,4
image_2272,2,4
image_2273,2,4
image_2274,2,4
image_2275,2,4
image_2276,2,4
image_2277,2,4
image_2278,2,4
image_2279,2,4
image_2280,2,4
image_2281,2,4
image_2282,2,4
image_2283,2,4
image_2284,2,4
image_2285,2,4
image_2286,2,4
image_2287,2,4
image_2288,2,4
image_2289,2,4
image_2290,2,4
image_2291,2,4
image_2292,2,4
image_2293,2,4
image_2294,2,4
image_2295,2,4
image_2296,2,4
image_2297,2,4
image_2298,2,4
image_2299,2,4
image_2300,2,4
image_2301,2,4
image_2302,2,4
image_2303,2,4
image_2304,2,4
image_2305,2,4
image_2306,2,4
image_2307,2,4
image_2308,2,4
image_2309,2,4
image_2310,2,4
image_2311,2,4
image_2312,2,4
image_2313,2,4
image_2314,2,4
image_2315,2,4
image_2316,2,4
image_2317,2,4
image_2318,2,4
image_2319,2,4
image_2320,2,4
image_2321,2,4
image_2322,2,4
image_2323,2,4
image_2324,2,4
image_2325,2,4
image_2326,2,4
image_2327,2,4
image_2328,2,4
image_2329,2,4
image_2330,2,4
image_2331,2,4
image_2332,2,4
image_2333,2,4
image_2334,2,4
image_2335,2,4
image_2336,2,4
image_2337,2,4
image_2338,2,4
image_2339,2,4
image_2340,2,4
image_2341,2,4
image_2342,2,4
image_2343,2,4
image_2344,2,4
image_2345,2,4
image_2346,2,4
image_2347,2,4
image_2348,2,4
image_2349,2,4
image_2350,2,4
image_2351,2,4
image_2352,2,4
image_2353,2,4
image_2354,2,4
image_2355,2,4
image_2356,2,4
image_2357,2,4
image_2358,2,4
image_2359,2,4
image_2360,2,4
image_2361,2,4
image_2362,2,4
image_2363,2,4
image_2364,2,4
image_2365,2,4
image_2366,2,4
image_2367,2,4
image_2368,2,4
image_2369,2,4
image_2370,2,4
image_2371,2,4
image_2372,2,4
image_2373,2,4
image_2374,2,4
image_2375,2,4
image_2376,2,4
image_2377,2,4
image_2378,2,4
image_2379,2,4
image_2380,2,4
image_2381,2,4
image_2382,2,4
image_2383,2,4
image_2384,2,4
image_2385,2,4
image_2386,2,4
image_2387,2,4
image_2388,2,4
image_2389,2,4
image_2390,2,4
image_2391,2,4
image_2392,2,4
image_2393,2,4
image_2394,2,4
image_2395,2,4
image_2396,2,4
image_2397,2,4
image_2398,2,4
image_2399,2,4
image_2400,2,5
image_2401,2,5
image_2402,2,5
image_2403,2,5
image_2404,2,5
image_2405,2,5
image_2406,2,5
image_2407,2,5
image_2408,2,5
image_2409,2,5
image_2410,2,5
image_2411,2,5
image_2412,2,5
image_2413,2,5
image_2414,2,5
image_2415,2,5
image_2416,2,5
image_2417,2,5
image_2418,2,5
image_2419,2,5
image_2420,2,5
image_2421,2,5
image_2422,2,5
image_2423,2,5
image_2424,2,5
image_2425,2,5
image_2426,2,5
image_2427,2,5
image_2428,2,5
image_2429,2,5
image_2430,2,5
image_2431,2,5
image_2432,2,5
image_2433,2,5
image_2434,2,5
image_2435,2,5
image_2436,2,5
image_2437,2,5
image_2438,2,5
image_2439,2,5
image_2440,2,5
image_2441,2,5
image_2442,2,5
image_2443,2,5
image_2444,2,5
image_2445,2,5
image_2446,2,5
image_2447,2,5
image_2448,2,5
image_2449,2,5
image_2450,2,5
image_2451,2,5
image_2452,2,5
image_2453,2,5
image_2454,2,5
image_2455,2,5
image_2456,2,5
image_2457,2,5
image_2458,2,5
image_2459,2,5
image_2460,2,5
image_2461,2,5
image_2462,2,5
image_2463,2,5
image_2464,2,5
image_2465,2,5
image_2466,2,5
image_2467,2,5
image_2468,2,5
image_2469,2,5
image_2470,2,5
image_2471,2,5
image_2472,2,5
image_2473,2,5
image_2474,2,5
image_2475,2,5
image_2476,2,5
image_2477,2,5
image_2478,2,5
image_2479,2,5
image_2480,2,5
image_2481,2,5
image_2482,2,5
image_2483,2,5
image_2484,2,5
image_2485,2,5
image_2486,2,5
image_2487,2,5
image_2488,2,5
image_2489,2,5
image_2490,2,5
image_2491,2,5
image_2492,2,5
image_2493,2,5
image_2494,2,5
image_2495,2,5
image_2496,2,5
image_2497,2,5
image_2498,2,5
image_2499,2,5
image_2500,2,5
image_2501,2,5
image_2502,2,5
image_2503,2,5
image_2504,2,5
image_2505,2,5
image_2506,2,5
image_2507,2,5
image_2508,2,5
image_2509,2,5
image_2510,2,5
image_2511,2,5
image_2512,2,5
image_2513,2,5
image_2514,2,5
image_2515,2,5
image_2516,2,5
image_2517,2,5
image_2518,2,5
image_2519,2,5
image_2520,2,5
image_2521,2,5
image_2522,2,5
image_2523,2,5
image_2524,2,5
image_2525,2,5
image_2526,2,5
image_2527,2,5
image_2528,2,5
image_2529,2,5
image_2530,2,5
image_2531,2,5
image_2532,2,5
image_2533,2,5
image_2534,2,5
image_2535,2,5
image_2536,2,5
image_2537,2,5
image_2538,2,5
image_2539,2,5
image_2540,2,5
image_2541,2,5
image_2542,2,5
image_2543,2,5
image_2544,2,5
image_2545,2,5
image_2546,2,5
image_2547,2,5
image_2548,2,5
image_2549,2,5
image_2550,2,5
image_2551,2,5
image_2552,2,5
image_2553,2,5
image_2554,2,5
image_2555,2,5
image_2556,2,5
image_2557,2,5
image_2558,2,5
image_2559,2,5
image_2560,2,5
image_2561,2,5
image_2562,2,5
image_2563,2,5
image_2564,2,5
image_2565,2,5
image_2566,2,5
image_2567,2,5
image_2568,2,5
image_2569,2,5
image_2570,2,5
image_2571,2,5
image_2572,2,5
image_2573,2,5
image_2574,2,5
image_2575,2,5
image_2576,2,5
image_2577,2,5
image_2578,2,5
image_2579,2,5
image_2580,2,5
image_2581,2,5
image_2582,2,5
image_2583,2,5
image_2584,2,5
image_2585,2,5
image_2586,2,5
image_2587,2,5
image_2588,2,5
image_2589,2,5
image_2590,2,5
image_2591,2,5
image_2592,2,5
image_2593,2,5
image_2594,2,5
image_2595,2,5
image_2596,2,5
image_2597,2,5
image_2598,2,5
image_2599,2,5
image_2600,2,5
image_2601,2,5
image_2602,2,5
image_2603,2,5
image_2604,2,5
image_2605,2,5
image_2606,2,5
image_2607,2,5
image_2608,2,5
image_2609,2,5
image_2610,2,5
image_2611,2,5
image_2612,2,5
image_2613,2,5
image_2614,2,5
image_2615,2,5
image_2616,2,5
image_2617,2,5
image_2618,2,5
image_2619,2,5
image_2620,2,5
image_2621,2,5
image_2622,2,5
image_2623,2,5
image_2624,2,5
image_2625,2,5
image_2626,2,5
image_2627,2,5
image_2628,2,5
image_2629,2,5
image_2630,2,5
image_2631,2,5
image_2632,2,5
image_2633,2,5
image_2634,2,5
image_2635,2,5
image_2636,2,5
image_2637,2,5
image_2638,2,5
image_2639,2,5
image_2640,2,5
image_2641,2,5
image_2642,2,5
image_2643,2,5
image_2644,2,5
image_2645,2,5
image_2646,2,5
image_2647,2,5
image_2648,2,5
image_2649,2,5
image_2650,2,5
image_2651,2,5
image_2652,2,5
image_2653,2,5
image_2654,2,5
image_2655,2,5
image_2656,2,5
image_2657,2,5
image_2658,2,5
image_2659,2,5
image_2660,2,5
image_2661,2,5
image_2662,2,5
image_2663,2,5
image_2664,2,5
image_2665,2,5
image_2666,2,5
image_2667,2,5
image_2668,2,5
image_2669,2,5
image_2670,2,5
image_2671,2,5
image_2672,2,5
image_2673,2,5
image_2674,2,5
image_2675,2,5
image_2676,2,5
image_2677,2,5
image_2678,2,5
image_2679,2,5
image_2680,2,5
image_2681,2,5
image_2682,2,5
image_2683,2,5
image_2684,2,5
image_2685,2,5
image_2686,2,5
image_2687,2,5
image_2688,2,5
image_2689,2,5
image_2690,2,5
image_2691,2,5
image_2692,2,5
image_2693,2,5
image_2694,2,5
image_2695,2,5
image_2696,2,5
image_2697,2,5
image_2698,2,5
image_2699,2,5
image_2700,2,6
image_2701,2,6
image_2702,2,6
image_2703,2,6
image_2704,2,6
image_2705,2,6
image_2706,2,6
image_2707,2,6
image_2708,2,6
image_2709,2,6
image_2710,2,6
image_2711,2,6
image_2712,2,6
image_2713,2,6
image_2714,2,6
image_2715,2,6
image_2716,2,6
image_2717,2,6
image_2718,2,6
image_2719,2,6
image_2720,2,6
image_2721,2,6
image_2722,2,6
image_2723,2,6
image_2724,2,6
image_2725,2,6
image_2726,2,6
image_2727,2,6
image_2728,2,6
image_2729,2,6
image_2730,2,6
image_2731,2,6
image_2732,2,6
image_2733,2,6
image_2734,2,6
image_2735,2,6
image_2736,2,6
image_2737,2,6
image_2738,2,6
image_2739,2,6
image_2740,2,6
image_2741,2,6
image_2742,2,6
image_2743,2,6
image_2744,2,6
image_2745,2,6
image_2746,2,6
image_2747,2,6
image_2748,2,6
image_2749,2,6
image_2750,2,6
image_2751,2,6
image_2752,2,6
image_2753,2,6
image_2754,2,6
image_2755,2,6
image_2756,2,6
image_2757,2,6
image_2758,2,6
image_2759,2,6
image_2760,2,6
image_2761,2,6
image_2762,2,6
image_2763,2,6
image_2764,2,6
image_2765,2,6
image_2766,2,6
image_2767,2,6
image_2768,2,6
image_2769,2,6
image_2770,2,6
image_2771,2,6
image_2772,2,6
image_2773,2,6
image_2774,2,6
image_2775,2,6
image_2776,2,6
image_2777,2,6
image_2778,2,6
image_2779,2,6
image_2780,2,6
image_2781,2,6
image_2782,2,6
image_2783,2,6
image_2784,2,6
image_2785,2,6
image_2786,2,6
image_2787,2,6
image_2788,2,6
image_2789,2,6
image_2790,2,6
image_2791,2,6
image_2792,2,6
image_2793,2,6
image_2794,2,6
image_2795,2,6
image_2796,2,6
image_2797,2,6
image_2798,2,6
image_2799,2,6
image_2800,2,6
image_2801,2,6
image_2802,2,6
image_2803,2,6
image_2804,2,6
image_2805,2,6
image_2806,2,6
image_2807,2,6
image_2808,2,6
image_2809,2,6
image_2810,2,6
image_2811,2,6
image_2812,2,6
image_2813,2,6
image_2814,2,6
image_2815,2,6
image_2816,2,6
image_2817,2,6
image_2818,2,6
image_2819,2,6
image_2820,2,6
image_2821,2,6
image_2822,2,6
image_2823,2,6
image_2824,2,6
image_2825,2,6
image_2826,2,6
image_2827,2,6
image_2828,2,6
image_2829,2,6
image_2830,2,6
image_2831,2,6
image_2832,2,6
image_2833,2,6
image_2834,2,6
image_2835,2,6
image_2836,2,6
image_2837,2,6
image_2838,2,6
image_2839,2,6
image_2840,2,6
image_2841,2,6
image_2842,2,6
image_2843,2,6
image_2844,2,6
image_2845,2,6
image_2846,2,6
image_2847,2,6
image_2848,2,6
image_2849,2,6
image_2850,2,6
image_2851,2,6
image_2852,2,6
image_2853,2,6
image_2854,2,6
image_2855,2,6
image_2856,2,6
image_2857,2,6
image_2858,2,6
image_2859,2,6
image_2860,2,6
image_2861,2,6
image_2862,2,6
image_2863,2,6
image_2864,2,6
image_2865,2,6
image_2866,2,6
image_2867,2,6
image_2868,2,6
image_2869,2,6
image_2870,2,6
image_2871,2,6
image_2872,2,6
image_2873,2,6
image_2874,2,6
image_2875,2,6
image_2876,2,6
image_2877,2,6
image_2878,2,6
image_2879,2,6
image_2880,2,6
image_2881,2,6
image_2882,2,6
image_2883,2,6
image_2884,2,6
image_2885,2,6
image_2886,2,6
image_2887,2,6
image_2888,2,6
image_2889,2,6
image_2890,2,6
image_2891,2,6
image_2892,2,6
image_2893,2,6
image_2894,2,6
image_2895,2,6
image_2896,2,6
image_2897,2,6
image_2898,2,6
image_2899,2,6
image_2900,2,6
image_2901,2,6
image_2902,2,6
image_2903,2,6
image_2904,2,6
image_2905,2,6
image_2906,2,6
image_2907,2,6
image_2908,2,6
image_2909,2,6
image_2910,2,6
image_2911,2,6
image_2912,2,6
image_2913,2,6
image_2914,2,6
image_2915,2,6
image_2916,2,6
image_2917,2,6
image_2918,2,6
image_2919,2,6
image_2920,2,6
image_2921,2,6
image_2922,2,6
image_2923,2,6
image_2924,2,6
image_2925,2,6
image_2926,2,6
image_2927,2,6
image_2928,2,6
image_2929,2,6
image_2930,2,6
image_2931,2,6
image_2932,2,6
image_2933,2,6
image_2934,2,6
image_2935,2,6
image_2936,2,6
image_2937,2,6
image_2938,2,6
image_2939,2,6
image_2940,2,6
image_2941,2,6
image_2942,2,6
image_2943,2,6
image_2944,2,6
image_2945,2,6
image_2946,2,6
image_2947,2,6
image_2948,2,6
image_2949,2,6
image_2950,2,6
image_2951,2,6
image_2952,2,6
image_2953,2,6
image_2954,2,6
image_2955,2,6
image_2956,2,6
image_2957,2,6
image_2958,2,6
image_2959,2,6
image_2960,2,6
image_2961,2,6
image_2962,2,6
image_2963,2,6
image_2964,2,6
image_2965,2,6
image_2966,2,6
image_2967,2,6
image_2968,2,6
image_2969,2,6
image_2970,2,6
image_2971,2,6
image_2972,2,6
image_2973,2,6
image_2974,2,6
image_2975,2,6
image_2976,2,6
image_2977,2,6
image_2978,2,6
image_2979,2,6
image_2980,2,6
image_2981,2,6
image_2982,2,6
image_2983,2,6
image_2984,2,6
image_2985,2,6
image_2986,2,6
image_2987,2,6
image_2988,2,6
image_2989,2,6
image_2990,2,6
image_2991,2,6
image_2992,2,6
image_2993,2,6
image_2994,2,6
image_2995,2,6
image_2996,2,6
image_2997,2,6
image_2998,2,6
image_2999,2,6
image_3000,2,7
image_3001,2,7
image_3002,2,7
image_3003,2,7
image_3004,2,7
image_3005,2,7
image_3006,2,7
image_3007,2,7
image_3008,2,7
image_3009,2,7
image_3010,2,7
image_3011,2,7
image_3012,2,7
image_3013,2,7
image_3014,2,7
image_3015,2,7
image_3016,2,7
image_3017,2,7
image_3018,2,7
image_3019,2,7
image_3020,2,7
image_3021,2,7
image_3022,2,7
image_3023,2,7
image_3024,2,7
image_3025,2,7
image_3026,2,7
image_3027,2,7
image_3028,2,7
image_3029,2,7
image_3030,2,7
image_3031,2,7
image_3032,2,7
image_3033,2,7
image_3034,2,7
image_3035,2,7
image_3036,2,7
image_3037,2,7
image_3038,2,7
image_3039,2,7
image_3040,2,7
image_3041,2,7
image_3042,2,7
image_3043,2,7
image_3044,2,7
image_3045,2,7
image_3046,2,7
image_3047,2,7
image_3048,2,7
image_3049,2,7
image_3050,2,7
image_3051,2,7
image_3052,2,7
image_3053,2,7
image_3054,2,7
image_3055,2,7
image_3056,2,7
image_3057,2,7
image_3058,2,7
image_3059,2,7
image_3060,2,7
image_3061,2,7
image_3062,2,7
image_3063,2,7
image_3064,2,7
image_3065,2,7
image_3066,2,7
image_3067,2,7
image_3068,2,7
image_3069,2,7
image_3070,2,7
image_3071,2,7
image_3072,2,7
image_3073,2,7
image_3074,2,7
image_3075,2,7
image_3076,2,7
image_3077,2,7
image_3078,2,7
image_3079,2,7
image_3080,2,7
image_3081,2,7
image_3082,2,7
image_3083,2,7
image_3084,2,7
image_3085,2,7
image_3086,2,7
image_3087,2,7
image_3088,2,7
image_3089,2,7
image_3090,2,7
image_3091,2,7
image_3092,2,7
image_3093,2,7
image_3094,2,7
image_3095,2,7
image_3096,2,7
image_3097,2,7
image_3098,2,7
image_3099,2,7
image_3100,2,7
image_3101,2,7
image_3102,2,7
image_3103,2,7
image_3104,2,7
image_3105,2,7
image_3106,2,7
image_3107,2,7
image_3108,2,7
image_3109,2,7
image_3110,2,7
image_3111,2,7
image_3112,2,7
image_3113,2,7
image_3114,2,7
image_3115,2,7
image_3116,2,7
image_3117,2,7
image_3118,2,7
image_3119,2,7
image_3120,2,7
image_3121,2,7
image_3122,2,7
image_3123,2,7
image_3124,2,7
image_3125,2,7
image_3126,2,7
image_3127,2,7
image_3128,2,7
image_3129,2,7
image_3130,2,7
image_3131,2,7
image_3132,2,7
image_3133,2,7
image_3134,2,7
image_3135,2,7
image_3136,2,7
image_3137,2,7
image_3138,2,7
image_3139,2,7
image_3140,2,7
image_3141,2,7
image_3142,2,7
image_3143,2,7
image_3144,2,7
image_3145,2,7
image_3146,2,7
image_3147,2,7
image_3148,2,7
image_3149,2,7
image_3150,2,7
image_3151,2,7
image_3152,2,7
image_3153,2,7
image_3154,2,7
image_3155,2,7
image_3156,2,7
image_3157,2,7
image_3158,2,7
image_3159,2,7
image_3160,2,7
image_3161,2,7
image_3162,2,7
image_3163,2,7
image_3164,2,7
image_3165,2,7
image_3166,2,7
image_3167,2,7
image_3168,2,7
image_3169,2,7
image_3170,2,7
image_3171,2,7
image_3172,2,7
image_3173,2,7
image_3174,2,7
image_3175,2,7
image_3176,2,7
image_3177,2,7
image_3178,2,7
image_3179,2,7
image_3180,2,7
image_3181,2,7
image_3182,2,7
image_3183,2,7
image_3184,2,7
image_3185,2,7
image_3186,2,7
image_3187,2,7
image_3188,2,7
image_3189,2,7
image_3190,2,7
image_3191,2,7
image_3192,2,7
image_3193,2,7
image_3194,2,7
image_3195,2,7
image_3196,2,7
image_3197,2,7
image_3198,2,7
image_3199,2,7
image_3200,2,7
image_3201,2,7
image_3202,2,7
image_3203,2,7
image_3204,2,7
image_3205,2,7
image_3206,2,7
image_3207,2,7
image_3208,2,7
image_3209,2,7
image_3210,2,7
image_3211,2,7
image_3212,2,7
image_3213,2,7
image_3214,2,7
image_3215,2,7
image_3216,2,7
image_3217,2,7
image_3218,2,7
image_3219,2,7
image_3220,2,7
image_3221,2,7
image_3222,2,7
image_3223,2,7
image_3224,2,7
image_3225,2,7
image_3226,2,7
image_3227,2,7
image_3228,2,7
image_3229,2,7
image_3230,2,7
image_3231,2,7
image_3232,2,7
image_3233,2,7
image_3234,2,7
image_3235,2,7
image_3236,2,7
image_3237,2,7
image_3238,2,7
image_3239,2,7
image_3240,2,7
image_3241,2,7
image_3242,2,7
image_3243,2,7
image_3244,2,7
image_3245,2,7
image_3246,2,7
image_3247,2,7
image_3248,2,7
image_3249,2,7
image_3250,2,7
image_3251,2,7
image_3252,2,7
image_3253,2,7
image_3254,2,7
image_3255,2,7
image_3256,2,7
image_3257,2,7
image_3258,2,7
image_3259,2,7
image_3260,2,7
image_3261,2,7
image_3262,2,7
image_3263,2,7
image_3264,2,7
image_3265,2,7
image_3266,2,7
image_3267,2,7
image_3268,2,7
image_3269,2,7
image_3270,2,7
image_3271,2,7
image_3272,2,7
image_3273,2,7
image_3274,2,7
image_3275,2,7
image_3276,2,7
image_3277,2,7
image_3278,2,7
image_3279,2,7
image_3280,2,7
image_3281,2,7
image_3282,2,7
image_3283,2,7
image_3284,2,7
image_3285,2,7
image_3286,2,7
image_3287,2,7
image_3288,2,7
image_3289,2,7
image_3290,2,7
image_3291,2,7
image_3292,2,7
image_3293,2,7
image_3294,2,7
image_3295,2,7
image_3296,2,7
image_3297,2,7
image_3298,2,7
image_3299,2,7
image_3300,3,4
image_3301,3,4
image_3302,3,4
image_3303,3,4
image_3304,3,4
image_3305,3,4
image_3306,3,4
image_3307,3,4
image_3308,3,4
image_3309,3,4
image_3310,3,4
image_3311,3,4
image_3312,3,4
image_3313,3,4
image_3314,3,4
image_3315,3,4
image_3316,3,4
image_3317,3,4
image_3318,3,4
image_3319,3,4
image_3320,3,4
image_3321,3,4
image_3322,3,4
image_3323,3,4
image_3324,3,4
image_3325,3,4
image_3326,3,4
image_3327,3,4
image_3328,3,4
image_3329,3,4
image_3330,3,4
image_3331,3,4
image_3332,3,4
image_3333,3,4
image_3334,3,4
image_3335,3,4
image_3336,3,4
image_3337,3,4
image_3338,3,4
image_3339,3,4
image_3340,3,4
image_3341,3,4
image_3342,3,4
image_3343,3,4
image_3344,3,4
image_3345,3,4
image_3346,3,4
image_3347,3,4
image_3348,3,4
image_3349,3,4
image_3350,3,4
image_3351,3,4
image_3352,3,4
image_3353,3,4
image_3354,3,4
image_3355,3,4
image_3356,3,4
image_3357,3,4
image_3358,3,4
image_3359,3,4
image_3360,3,4
image_3361,3,4
image_3362,3,4
image_3363,3,4
image_3364,3,4
image_3365,3,4
image_3366,3,4
image_3367,3,4
image_3368,3,4
image_3369,3,4
image_3370,3,4
image_3371,3,4
image_3372,3,4
image_3373,3,4
image_3374,3,4
image_3375,3,4
image_3376,3,4
image_3377,3,4
image_3378,3,4
image_3379,3,4
image_3380,3,4
image_3381,3,4
image_3382,3,4
image_3383,3,4
image_3384,3,4
image_3385,3,4
image_3386,3,4
image_3387,3,4
image_3388,3,4
image_3389,3,4
image_3390,3,4
image_3391,3,4
image_3392,3,4
image_3393,3,4
image_3394,3,4
image_3395,3,4
image_3396,3,4
image_3397,3,4
image_3398,3,4
image_3399,3,4
image_3400,3,4
image_3401,3,4
image_3402,3,4
image_3403,3,4
image_3404,3,4
image_3405,3,4
image_3406,3,4
image_3407,3,4
image_3408,3,4
image_3409,3,4
image_3410,3,4
image_3411,3,4
image_3412,3,4
image_3413,3,4
image_3414,3,4
image_3415,3,4
image_3416,3,4
image_3417,3,4
image_3418,3,4
image_3419,3,4
image_3420,3,4
image_3421,3,4
image_3422,3,4
image_3423,3,4
image_3424,3,4
image_3425,3,4
image_3426,3,4
image_3427,3,4
image_3428,3,4
image_3429,3,4
image_3430,3,4
image_3431,3,4
image_3432,3,4
image_3433,3,4
image_3434,3,4
image_3435,3,4
image_3436,3,4
image_3437,3,4
image_3438,3,4
image_3439,3,4
image_3440,3,4
image_3441,3,4
image_3442,3,4
image_3443,3,4
image_3444,3,4
image_3445,3,4
image_3446,3,4
image_3447,3,4
image_3448,3,4
image_3449,3,4
image_3450,3,4
image_3451,3,4
image_3452,3,4
image_3453,3,4
image_3454,3,4
image_3455,3,4
image_3456,3,4
image_3457,3,4
image_3458,3,4
image_3459,3,4
image_3460,3,4
image_3461,3,4
image_3462,3,4
image_3463,3,4
image_3464,3,4
image_3465,3,4
image_3466,3,4
image_3467,3,4
image_3468,3,4
image_3469,3,4
image_3470,3,4
image_3471,3,4
image_3472,3,4
image_3473,3,4
image_3474,3,4
image_3475,3,4
image_3476,3,4
image_3477,3,4
image_3478,3,4
image_3479,3,4
image_3480,3,4
image_3481,3,4
image_3482,3,4
image_3483,3,4
image_3484,3,4
image_3485,3,4
image_3486,3,4
image_3487,3,4
image_3488,3,4
image_3489,3,4
image_3490,3,4
image_3491,3,4
image_3492,3,4
image_3493,3,4
image_3494,3,4
image_3495,3,4
image_3496,3,4
image_3497,3,4
image_3498,3,4
image_3499,3,4
image_3500,3,4
image_3501,3,4
image_3502,3,4
image_3503,3,4
image_3504,3,4
image_3505,3,4
image_3506,3,4
image_3507,3,4
image_3508,3,4
image_3509,3,4
image_3510,3,4
image_3511,3,4
image_3512,3,4
image_3513,3,4
image_3514,3,4
image_3515,3,4
image_3516,3,4
image_3517,3,4
image_3518,3,4
image_3519,3,4
image_3520,3,4
image_3521,3,4
image_3522,3,4
image_3523,3,4
image_3524,3,4
image_3525,3,4
image_3526,3,4
image_3527,3,4
image_3528,3,4
image_3529,3,4
image_3530,3,4
image_3531,3,4
image_3532,3,4
image_3533,3,4
image_3534,3,4
image_3535,3,4
image_3536,3,4
image_3537,3,4
image_3538,3,4
image_3539,3,4
image_3540,3,4
image_3541,3,4
image_3542,3,4
image_3543,3,4
image_3544,3,4
image_3545,3,4
image_3546,3,4
image_3547,3,4
image_3548,3,4
image_3549,3,4
image_3550,3,4
image_3551,3,4
image_3552,3,4
image_3553,3,4
image_3554,3,4
image_3555,3,4
image_3556,3,4
image_3557,3,4
image_3558,3,4
image_3559,3,4
image_3560,3,4
image_3561,3,4
image_3562,3,4
image_3563,3,4
image_3564,3,4
image_3565,3,4
image_3566,3,4
image_3567,3,4
image_3568,3,4
image_3569,3,4
image_3570,3,4
image_3571,3,4
image_3572,3,4
image_3573,3,4
image_3574,3,4
image_3575,3,4
image_3576,3,4
image_3577,3,4
image_3578,3,4
image_3579,3,4
image_3580,3,4
image_3581,3,4
image_3582,3,4
image_3583,3,4
image_3584,3,4
image_3585,3,4
image_3586,3,4
image_3587,3,4
image_3588,3,4
image_3589,3,4
image_3590,3,4
image_3591,3,4
image_3592,3,4
image_3593,3,4
image_3594,3,4
image_3595,3,4
image_3596,3,4
image_3597,3,4
image_3598,3,4
image_3599,3,4
image_3600,3,5
image_3601,3,5
image_3602,3,5
image_3603,3,5
image_3604,3,5
image_3605,3,5
image_3606,3,5
image_3607,3,5
image_3608,3,5
image_3609,3,5
image_3610,3,5
image_3611,3,5
image_3612,3,5
image_3613,3,5
image_3614,3,5
image_3615,3,5
image_3616,3,5
image_3617,3,5
image_3618,3,5
image_3619,3,5
image_3620,3,5
image_3621,3,5
image_3622,3,5
image_3623,3,5
image_3624,3,5
image_3625,3,5
image_3626,3,5
image_3627,3,5
image_3628,3,5
image_3629,3,5
image_3630,3,5
image_3631,3,5
image_3632,3,5
image_3633,3,5
image_3634,3,5
image_3635,3,5
image_3636,3,5
image_3637,3,5
image_3638,3,5
image_3639,3,5
image_3640,3,5
image_3641,3,5
image_3642,3,5
image_3643,3,5
image_3644,3,5
image_3645,3,5
image_3646,3,5
image_3647,3,5
image_3648,3,5
image_3649,3,5
image_3650,3,5
image_3651,3,5
image_3652,3,5
image_3653,3,5
image_3654,3,5
image_3655,3,5
image_3656,3,5
image_3657,3,5
image_3658,3,5
image_3659,3,5
image_3660,3,5
image_3661,3,5
image_3662,3,5
image_3663,3,5
image_3664,3,5
image_3665,3,5
image_3666,3,5
image_3667,3,5
image_3668,3,5
image_3669,3,5
image_3670,3,5
image_3671,3,5
image_3672,3,5
image_3673,3,5
image_3674,3,5
image_3675,3,5
image_3676,3,5
image_3677,3,5
image_3678,3,5
image_3679,3,5
image_3680,3,5
image_3681,3,5
image_3682,3,5
image_3683,3,5
image_3684,3,5
image_3685,3,5
image_3686,3,5
image_3687,3,5
image_3688,3,5
image_3689,3,5
image_3690,3,5
image_3691,3,5
image_3692,3,5
image_3693,3,5
image_3694,3,5
image_3695,3,5
image_3696,3,5
image_3697,3,5
image_3698,3,5
image_3699,3,5
image_3700,3,5
image_3701,3,5
image_3702,3,5
image_3703,3,5
image_3704,3,5
image_3705,3,5
image_3706,3,5
image_3707,3,5
image_3708,3,5
image_3709,3,5
image_3710,3,5
image_3711,3,5
image_3712,3,5
image_3713,3,5
image_3714,3,5
image_3715,3,5
image_3716,3,5
image_3717,3,5
image_3718,3,5
image_3719,3,5
image_3720,3,5
image_3721,3,5
image_3722,3,5
image_3723,3,5
image_3724,3,5
image_3725,3,5
image_3726,3,5
image_3727,3,5
image_3728,3,5
image_3729,3,5
image_3730,3,5
image_3731,3,5
image_3732,3,5
image_3733,3,5
image_3734,3,5
image_3735,3,5
image_3736,3,5
image_3737,3,5
image_3738,3,5
image_3739,3,5
image_3740,3,5
image_3741,3,5
image_3742,3,5
image_3743,3,5
image_3744,3,5
image_3745,3,5
image_3746,3,5
image_3747,3,5
image_3748,3,5
image_3749,3,5
image_3750,3,5
image_3751,3,5
image_3752,3,5
image_3753,3,5
image_3754,3,5
image_3755,3,5
image_3756,3,5
image_3757,3,5
image_3758,3,5
image_3759,3,5
image_3760,3,5
image_3761,3,5
image_3762,3,5
image_3763,3,5
image_3764,3,5
image_3765,3,5
image_3766,3,5
image_3767,3,5
image_3768,3,5
image_3769,3,5
image_3770,3,5
image_3771,3,5
image_3772,3,5
image_3773,3,5
image_3774,3,5
image_3775,3,5
image_3776,3,5
image_3777,3,5
image_3778,3,5
image_3779,3,5
image_3780,3,5
image_3781,3,5
image_3782,3,5
image_3783,3,5
image_3784,3,5
image_3785,3,5
image_3786,3,5
image_3787,3,5
image_3788,3,5
image_3789,3,5
image_3790,3,5
image_3791,3,5
image_3792,3,5
image_3793,3,5
image_3794,3,5
image_3795,3,5
image_3796,3,5
image_3797,3,5
image_3798,3,5
image_3799,3,5
image_3800,3,5
image_3801,3,5
image_3802,3,5
image_3803,3,5
image_3804,3,5
image_3805,3,5
image_3806,3,5
image_3807,3,5
image_3808,3,5
image_3809,3,5
image_3810,3,5
image_3811,3,5
image_3812,3,5
image_3813,3,5
image_3814,3,5
image_3815,3,5
image_3816,3,5
image_3817,3,5
image_3818,3,5
image_3819,3,5
image_3820,3,5
image_3821,3,5
image_3822,3,5
image_3823,3,5
image_3824,3,5
image_3825,3,5
image_3826,3,5
image_3827,3,5
image_3828,3,5
image_3829,3,5
image_3830,3,5
image_3831,3,5
image_3832,3,5
image_3833,3,5
image_3834,3,5
image_3835,3,5
image_3836,3,5
image_3837,3,5
image_3838,3,5
image_3839,3,5
image_3840,3,5
image_3841,3,5
image_3842,3,5
image_3843,3,5
image_3844,3,5
image_3845,3,5
image_3846,3,5
image_3847,3,5
image_3848,3,5
image_3849,3,5
image_3850,3,5
image_3851,3,5
image_3852,3,5
image_3853,3,5
image_3854,3,5
image_3855,3,5
image_3856,3,5
image_3857,3,5
image_3858,3,5
image_3859,3,5
image_3860,3,5
image_3861,3,5
image_3862,3,5
image_3863,3,5
image_3864,3,5
image_3865,3,5
image_3866,3,5
image_3867,3,5
image_3868,3,5
image_3869,3,5
image_3870,3,5
image_3871,3,5
image_3872,3,5
image_3873,3,5
image_3874,3,5
image_3875,3,5
image_3876,3,5
image_3877,3,5
image_3878,3,5
image_3879,3,5
image_3880,3,5
image_3881,3,5
image_3882,3,5
image_3883,3,5
image_3884,3,5
image_3885,3,5
image_3886,3,5
image_3887,3,5
image_3888,3,5
image_3889,3,5
image_3890,3,5
image_3891,3,5
image_3892,3,5
image_3893,3,5
image_3894,3,5
image_3895,3,5
image_3896,3,5
image_3897,3,5
image_3898,3,5
image_3899,3,5
image_3900,3,6
image_3901,3,6
image_3902,3,6
image_3903,3,6
image_3904,3,6
image_3905,3,6
image_3906,3,6
image_3907,3,6
image_3908,3,6
image_3909,3,6
image_3910,3,6
image_3911,3,6
image_3912,3,6
image_3913,3,6
image_3914,3,6
image_3915,3,6
image_3916,3,6
image_3917,3,6
image_3918,3,6
image_3919,3,6
image_3920,3,6
image_3921,3,6
image_3922,3,6
image_3923,3,6
image_3924,3,6
image_3925,3,6
image_3926,3,6
image_3927,3,6
image_3928,3,6
image_3929,3,6
image_3930,3,6
image_3931,3,6
image_3932,3,6
image_3933,3,6
image_3934,3,6
image_3935,3,6
image_3936,3,6
image_3937,3,6
image_3938,3,6
image_3939,3,6
image_3940,3,6
image_3941,3,6
image_3942,3,6
image_3943,3,6
image_3944,3,6
image_3945,3,6
image_3946,3,6
image_3947,3,6
image_3948,3,6
image_3949,3,6
image_3950,3,6
image_3951,3,6
image_3952,3,6
image_3953,3,6
image_3954,3,6
image_3955,3,6
image_3956,3,6
image_3957,3,6
image_3958,3,6
image_3959,3,6
image_3960,3,6
image_3961,3,6
image_3962,3,6
image_3963,3,6
image_3964,3,6
image_3965,3,6
image_3966,3,6
image_3967,3,6
image_3968,3,6
image_3969,3,6
image_3970,3,6
image_3971,3,6
image_3972,3,6
image_3973,3,6
image_3974,3,6
image_3975,3,6
image_3976,3,6
image_3977,3,6
image_3978,3,6
image_3979,3,6
image_3980,3,6
image_3981,3,6
image_3982,3,6
image_3983,3,6
image_3984,3,6
image_3985,3,6
image_3986,3,6
image_3987,3,6
image_3988,3,6
image_3989,3,6
image_3990,3,6
image_3991,3,6
image_3992,3,6
image_3993,3,6
image_3994,3,6
image_3995,3,6
image_3996,3,6
image_3997,3,6
image_3998,3,6
image_3999,3,6
image_4000,3,6
image_4001,3,6
image_4002,3,6
image_4003,3,6
image_4004,3,6
image_4005,3,6
image_4006,3,6
image_4007,3,6
image_4008,3,6
image_4009,3,6
image_4010,3,6
image_4011,3,6
image_4012,3,6
image_4013,3,6
image_4014,3,6
image_4015,3,6
image_4016,3,6
image_4017,3,6
image_4018,3,6
image_4019,3,6
image_4020,3,6
image_4021,3,6
image_4022,3,6
image_4023,3,6
image_4024,3,6
image_4025,3,6
image_4026,3,6
image_4027,3,6
image_4028,3,6
image_4029,3,6
image_4030,3,6
image_4031,3,6
image_4032,3,6
image_4033,3,6
image_4034,3,6
image_4035,3,6
image_4036,3,6
image_4037,3,6
image_4038,3,6
image_4039,3,6
image_4040,3,6
image_4041,3,6
image_4042,3,6
image_4043,3,6
image_4044,3,6
image_4045,3,6
image_4046,3,6
image_4047,3,6
image_4048,3,6
image_4049,3,6
image_4050,3,6
image_4051,3,6
image_4052,3,6
image_4053,3,6
image_4054,3,6
image_4055,3,6
image_4056,3,6
image_4057,3,6
image_4058,3,6
image_4059,3,6
image_4060,3,6
image_4061,3,6
image_4062,3,6
image_4063,3,6
image_4064,3,6
image_4065,3,6
image_4066,3,6
image_4067,3,6
image_4068,3,6
image_4069,3,6
image_4070,3,6
image_4071,3,6
image_4072,3,6
image_4073,3,6
image_4074,3,6
image_4075,3,6
image_4076,3,6
image_4077,3,6
image_4078,3,6
image_4079,3,6
image_4080,3,6
image_4081,3,6
image_4082,3,6
image_4083,3,6
image_4084,3,6
image_4085,3,6
image_4086,3,6
image_4087,3,6
image_4088,3,6
image_4089,3,6
image_4090,3,6
image_4091,3,6
image_4092,3,6
image_4093,3,6
image_4094,3,6
image_4095,3,6
image_4096,3,6
image_4097,3,6
image_4098,3,6
image_4099,3,6
image_4100,3,6
image_4101,3,6
image_4102,3,6
image_4103,3,6
image_4104,3,6
image_4105,3,6
image_4106,3,6
image_4107,3,6
image_4108,3,6
image_4109,3,6
image_4110,3,6
image_4111,3,6
image_4112,3,6
image_4113,3,6
image_4114,3,6
image_4115,3,6
image_4116,3,6
image_4117,3,6
image_4118,3,6
image_4119,3,6
image_4120,3,6
image_4121,3,6
image_4122,3,6
image_4123,3,6
image_4124,3,6
image_4125,3,6
image_4126,3,6
image_4127,3,6
image_4128,3,6
image_4129,3,6
image_4130,3,6
image_4131,3,6
image_4132,3,6
image_4133,3,6
image_4134,3,6
image_4135,3,6
image_4136,3,6
image_4137,3,6
image_4138,3,6
image_4139,3,6
image_4140,3,6
image_4141,3,6
image_4142,3,6
image_4143,3,6
image_4144,3,6
image_4145,3,6
image_4146,3,6
image_4147,3,6
image_4148,3,6
image_4149,3,6
image_4150,3,6
image_4151,3,6
image_4152,3,6
image_4153,3,6
image_4154,3,6
image_4155,3,6
image_4156,3,6
image_4157,3,6
image_4158,3,6
image_4159,3,6
image_4160,3,6
image_4161,3,6
image_4162,3,6
image_4163,3,6
image_4164,3,6
image_4165,3,6
image_4166,3,6
image_4167,3,6
image_4168,3,6
image_4169,3,6
image_4170,3,6
image_4171,3,6
image_4172,3,6
image_4173,3,6
image_4174,3,6
image_4175,3,6
image_4176,3,6
image_4177,3,6
image_4178,3,6
image_4179,3,6
image_4180,3,6
image_4181,3,6
image_4182,3,6
image_4183,3,6
image_4184,3,6
image_4185,3,6
image_4186,3,6
image_4187,3,6
image_4188,3,6
image_4189,3,6
image_4190,3,6
image_4191,3,6
image_4192,3,6
image_4193,3,6
image_4194,3,6
image_4195,3,6
image_4196,3,6
image_4197,3,6
image_4198,3,6
image_4199,3,6
image_4200,3,7
image_4201,3,7
image_4202,3,7
image_4203,3,7
image_4204,3,7
image_4205,3,7
image_4206,3,7
image_4207,3,7
image_4208,3,7
image_4209,3,7
image_4210,3,7
image_4211,3,7
image_4212,3,7
image_4213,3,7
image_4214,3,7
image_4215,3,7
image_4216,3,7
image_4217,3,7
image_4218,3,7
image_4219,3,7
image_4220,3,7
image_4221,3,7
image_4222,3,7
image_4223,3,7
image_4224,3,7
image_4225,3,7
image_4226,3,7
image_4227,3,7
image_4228,3,7
image_4229,3,7
image_4230,3,7
image_4231,3,7
image_4232,3,7
image_4233,3,7
image_4234,3,7
image_4235,3,7
image_4236,3,7
image_4237,3,7
image_4238,3,7
image_4239,3,7
image_4240,3,7
image_4241,3,7
image_4242,3,7
image_4243,3,7
image_4244,3,7
image_4245,3,7
image_4246,3,7
image_4247,3,7
image_4248,3,7
image_4249,3,7
image_4250,3,7
image_4251,3,7
image_4252,3,7
image_4253,3,7
image_4254,3,7
image_4255,3,7
image_4256,3,7
image_4257,3,7
image_4258,3,7
image_4259,3,7
image_4260,3,7
image_4261,3,7
image_4262,3,7
image_4263,3,7
image_4264,3,7
image_4265,3,7
image_4266,3,7
image_4267,3,7
image_4268,3,7
image_4269,3,7
image_4270,3,7
image_4271,3,7
image_4272,3,7
image_4273,3,7
image_4274,3,7
image_4275,3,7
image_4276,3,7
image_4277,3,7
image_4278,3,7
image_4279,3,7
image_4280,3,7
image_4281,3,7
image_4282,3,7
image_4283,3,7
image_4284,3,7
image_4285,3,7
image_4286,3,7
image_4287,3,7
image_4288,3,7
image_4289,3,7
image_4290,3,7
image_4291,3,7
image_4292,3,7
image_4293,3,7
image_4294,3,7
image_4295,3,7
image_4296,3,7
image_4297,3,7
image_4298,3,7
image_4299,3,7
image_4300,3,7
image_4301,3,7
image_4302,3,7
image_4303,3,7
image_4304,3,7
image_4305,3,7
image_4306,3,7
image_4307,3,7
image_4308,3,7
image_4309,3,7
image_4310,3,7
image_4311,3,7
image_4312,3,7
image_4313,3,7
image_4314,3,7
image_4315,3,7
image_4316,3,7
image_4317,3,7
image_4318,3,7
image_4319,3,7
image_4320,3,7
image_4321,3,7
image_4322,3,7
image_4323,3,7
image_4324,3,7
image_4325,3,7
image_4326,3,7
image_4327,3,7
image_4328,3,7
image_4329,3,7
image_4330,3,7
image_4331,3,7
image_4332,3,7
image_4333,3,7
image_4334,3,7
image_4335,3,7
image_4336,3,7
image_4337,3,7
image_4338,3,7
image_4339,3,7
image_4340,3,7
image_4341,3,7
image_4342,3,7
image_4343,3,7
image_4344,3,7
image_4345,3,7
image_4346,3,7
image_4347,3,7
image_4348,3,7
image_4349,3,7
image_4350,3,7
image_4351,3,7
image_4352,3,7
image_4353,3,7
image_4354,3,7
image_4355,3,7
image_4356,3,7
image_4357,3,7
image_4358,3,7
image_4359,3,7
image_4360,3,7
image_4361,3,7
image_4362,3,7
image_4363,3,7
image_4364,3,7
image_4365,3,7
image_4366,3,7
image_4367,3,7
image_4368,3,7
image_4369,3,7
image_4370,3,7
image_4371,3,7
image_4372,3,7
image_4373,3,7
image_4374,3,7
image_4375,3,7
image_4376,3,7
image_4377,3,7
image_4378,3,7
image_4379,3,7
image_4380,3,7
image_4381,3,7
image_4382,3,7
image_4383,3,7
image_4384,3,7
image_4385,3,7
image_4386,3,7
image_4387,3,7
image_4388,3,7
image_4389,3,7
image_4390,3,7
image_4391,3,7
image_4392,3,7
image_4393,3,7
image_4394,3,7
image_4395,3,7
image_4396,3,7
image_4397,3,7
image_4398,3,7
image_4399,3,7
image_4400,3,7
image_4401,3,7
image_4402,3,7
image_4403,3,7
image_4404,3,7
image_4405,3,7
image_4406,3,7
image_4407,3,7
image_4408,3,7
image_4409,3,7
image_4410,3,7
image_4411,3,7
image_4412,3,7
image_4413,3,7
image_4414,3,7
image_4415,3,7
image_4416,3,7
image_4417,3,7
image_4418,3,7
image_4419,3,7
image_4420,3,7
image_4421,3,7
image_4422,3,7
image_4423,3,7
image_4424,3,7
image_4425,3,7
image_4426,3,7
image_4427,3,7
image_4428,3,7
image_4429,3,7
image_4430,3,7
image_4431,3,7
image_4432,3,7
image_4433,3,7
image_4434,3,7
image_4435,3,7
image_4436,3,7
image_4437,3,7
image_4438,3,7
image_4439,3,7
image_4440,3,7
image_4441,3,7
image_4442,3,7
image_4443,3,7
image_4444,3,7
image_4445,3,7
image_4446,3,7
image_4447,3,7
image_4448,3,7
image_4449,3,7
image_4450,3,7
image_4451,3,7
image_4452,3,7
image_4453,3,7
image_4454,3,7
image_4455,3,7
image_4456,3,7
image_4457,3,7
image_4458,3,7
image_4459,3,7
image_4460,3,7
image_4461,3,7
image_4462,3,7
image_4463,3,7
image_4464,3,7
image_4465,3,7
image_4466,3,7
image_4467,3,7
image_4468,3,7
image_4469,3,7
image_4470,3,7
image_4471,3,7
image_4472,3,7
image_4473,3,7
image_4474,3,7
image_4475,3,7
image_4476,3,7
image_4477,3,7
image_4478,3,7
image_4479,3,7
image_4480,3,7
image_4481,3,7
image_4482,3,7
image_4483,3,7
image_4484,3,7
image_4485,3,7
image_4486,3,7
image_4487,3,7
image_4488,3,7
image_4489,3,7
image_4490,3,7
image_4491,3,7
image_4492,3,7
image_4493,3,7
image_4494,3,7
image_4495,3,7
image_4496,3,7
image_4497,3,7
image_4498,3,7
image_4499,3,7
image_4500,4,5
image_4501,4,5
image_4502,4,5
image_4503,4,5
image_4504,4,5
image_4505,4,5
image_4506,4,5
image_4507,4,5
image_4508,4,5
image_4509,4,5
image_4510,4,5
image_4511,4,5
image_4512,4,5
image_4513,4,5
image_4514,4,5
image_4515,4,5
image_4516,4,5
image_4517,4,5
image_4518,4,5
image_4519,4,5
image_4520,4,5
image_4521,4,5
image_4522,4,5
image_4523,4,5
image_4524,4,5
image_4525,4,5
image_4526,4,5
image_4527,4,5
image_4528,4,5
image_4529,4,5
image_4530,4,5
image_4531,4,5
image_4532,4,5
image_4533,4,5
image_4534,4,5
image_4535,4,5
image_4536,4,5
image_4537,4,5
image_4538,4,5
image_4539,4,5
image_4540,4,5
image_4541,4,5
image_4542,4,5
image_4543,4,5
image_4544,4,5
image_4545,4,5
image_4546,4,5
image_4547,4,5
image_4548,4,5
image_4549,4,5
image_4550,4,5
image_4551,4,5
image_4552,4,5
image_4553,4,5
image_4554,4,5
image_4555,4,5
image_4556,4,5
image_4557,4,5
image_4558,4,5
image_4559,4,5
image_4560,4,5
image_4561,4,5
image_4562,4,5
image_4563,4,5
image_4564,4,5
image_4565,4,5
image_4566,4,5
image_4567,4,5
image_4568,4,5
image_4569,4,5
image_4570,4,5
image_4571,4,5
image_4572,4,5
image_4573,4,5
image_4574,4,5
image_4575,4,5
image_4576,4,5
image_4577,4,5
image_4578,4,5
image_4579,4,5
image_4580,4,5
image_4581,4,5
image_4582,4,5
image_4583,4,5
image_4584,4,5
image_4585,4,5
image_4586,4,5
image_4587,4,5
image_4588,4,5
image_4589,4,5
image_4590,4,5
image_4591,4,5
image_4592,4,5
image_4593,4,5
image_4594,4,5
image_4595,4,5
image_4596,4,5
image_4597,4,5
image_4598,4,5
image_4599,4,5
image_4600,4,5
image_4601,4,5
image_4602,4,5
image_4603,4,5
image_4604,4,5
image_4605,4,5
image_4606,4,5
image_4607,4,5
image_4608,4,5
image_4609,4,5
image_4610,4,5
image_4611,4,5
image_4612,4,5
image_4613,4,5
image_4614,4,5
image_4615,4,5
image_4616,4,5
image_4617,4,5
image_4618,4,5
image_4619,4,5
image_4620,4,5
image_4621,4,5
image_4622,4,5
image_4623,4,5
image_4624,4,5
image_4625,4,5
image_4626,4,5
image_4627,4,5
image_4628,4,5
image_4629,4,5
image_4630,4,5
image_4631,4,5
image_4632,4,5
image_4633,4,5
image_4634,4,5
image_4635,4,5
image_4636,4,5
image_4637,4,5
image_4638,4,5
image_4639,4,5
image_4640,4,5
image_4641,4,5
image_4642,4,5
image_4643,4,5
image_4644,4,5
image_4645,4,5
image_4646,4,5
image_4647,4,5
image_4648,4,5
image_4649,4,5
image_4650,4,5
image_4651,4,5
image_4652,4,5
image_4653,4,5
image_4654,4,5
image_4655,4,5
image_4656,4,5
image_4657,4,5
image_4658,4,5
image_4659,4,5
image_4660,4,5
image_4661,4,5
image_4662,4,5
image_4663,4,5
image_4664,4,5
image_4665,4,5
image_4666,4,5
image_4667,4,5
image_4668,4,5
image_4669,4,5
image_4670,4,5
image_4671,4,5
image_4672,4,5
image_4673,4,5
image_4674,4,5
image_4675,4,5
image_4676,4,5
image_4677,4,5
image_4678,4,5
image_4679,4,5
image_4680,4,5
image_4681,4,5
image_4682,4,5
image_4683,4,5
image_4684,4,5
image_4685,4,5
image_4686,4,5
image_4687,4,5
image_4688,4,5
image_4689,4,5
image_4690,4,5
image_4691,4,5
image_4692,4,5
image_4693,4,5
image_4694,4,5
image_4695,4,5
image_4696,4,5
image_4697,4,5
image_4698,4,5
image_4699,4,5
image_4700,4,5
image_4701,4,5
image_4702,4,5
image_4703,4,5
image_4704,4,5
image_4705,4,5
image_4706,4,5
image_4707,4,5
image_4708,4,5
image_4709,4,5
image_4710,4,5
image_4711,4,5
image_4712,4,5
image_4713,4,5
image_4714,4,5
image_4715,4,5
image_4716,4,5
image_4717,4,5
image_4718,4,5
image_4719,4,5
image_4720,4,5
image_4721,4,5
image_4722,4,5
image_4723,4,5
image_4724,4,5
image_4725,4,5
image_4726,4,5
image_4727,4,5
image_4728,4,5
image_4729,4,5
image_4730,4,5
image_4731,4,5
image_4732,4,5
image_4733,4,5
image_4734,4,5
image_4735,4,5
image_4736,4,5
image_4737,4,5
image_4738,4,5
image_4739,4,5
image_4740,4,5
image_4741,4,5
image_4742,4,5
image_4743,4,5
image_4744,4,5
image_4745,4,5
image_4746,4,5
image_4747,4,5
image_4748,4,5
image_4749,4,5
image_4750,4,5
image_4751,4,5
image_4752,4,5
image_4753,4,5
image_4754,4,5
image_4755,4,5
image_4756,4,5
image_4757,4,5
image_4758,4,5
image_4759,4,5
image_4760,4,5
image_4761,4,5
image_4762,4,5
image_4763,4,5
image_4764,4,5
image_4765,4,5
image_4766,4,5
image_4767,4,5
image_4768,4,5
image_4769,4,5
image_4770,4,5
image_4771,4,5
image_4772,4,5
image_4773,4,5
image_4774,4,5
image_4775,4,5
image_4776,4,5
image_4777,4,5
image_4778,4,5
image_4779,4,5
image_4780,4,5
image_4781,4,5
image_4782,4,5
image_4783,4,5
image_4784,4,5
image_4785,4,5
image_4786,4,5
image_4787,4,5
image_4788,4,5
image_4789,4,5
image_4790,4,5
image_4791,4,5
image_4792,4,5
image_4793,4,5
image_4794,4,5
image_4795,4,5
image_4796,4,5
image_4797,4,5
image_4798,4,5
image_4799,4,5
image_4800,4,6
image_4801,4,6
image_4802,4,6
image_4803,4,6
image_4804,4,6
image_4805,4,6
image_4806,4,6
image_4807,4,6
image_4808,4,6
image_4809,4,6
image_4810,4,6
image_4811,4,6
image_4812,4,6
image_4813,4,6
image_4814,4,6
image_4815,4,6
image_4816,4,6
image_4817,4,6
image_4818,4,6
image_4819,4,6
image_4820,4,6
image_4821,4,6
image_4822,4,6
image_4823,4,6
image_4824,4,6
image_4825,4,6
image_4826,4,6
image_4827,4,6
image_4828,4,6
image_4829,4,6
image_4830,4,6
image_4831,4,6
image_4832,4,6
image_4833,4,6
image_4834,4,6
image_4835,4,6
image_4836,4,6
image_4837,4,6
image_4838,4,6
image_4839,4,6
image_4840,4,6
image_4841,4,6
image_4842,4,6
image_4843,4,6
image_4844,4,6
image_4845,4,6
image_4846,4,6
image_4847,4,6
image_4848,4,6
image_4849,4,6
image_4850,4,6
image_4851,4,6
image_4852,4,6
image_4853,4,6
image_4854,4,6
image_4855,4,6
image_4856,4,6
image_4857,4,6
image_4858,4,6
image_4859,4,6
image_4860,4,6
image_4861,4,6
image_4862,4,6
image_4863,4,6
image_4864,4,6
image_4865,4,6
image_4866,4,6
image_4867,4,6
image_4868,4,6
image_4869,4,6
image_4870,4,6
image_4871,4,6
image_4872,4,6
image_4873,4,6
image_4874,4,6
image_4875,4,6
image_4876,4,6
image_4877,4,6
image_4878,4,6
image_4879,4,6
image_4880,4,6
image_4881,4,6
image_4882,4,6
image_4883,4,6
image_4884,4,6
image_4885,4,6
image_4886,4,6
image_4887,4,6
image_4888,4,6
image_4889,4,6
image_4890,4,6
image_4891,4,6
image_4892,4,6
image_4893,4,6
image_4894,4,6
image_4895,4,6
image_4896,4,6
image_4897,4,6
image_4898,4,6
image_4899,4,6
image_4900,4,6
image_4901,4,6
image_4902,4,6
image_4903,4,6
image_4904,4,6
image_4905,4,6
image_4906,4,6
image_4907,4,6
image_4908,4,6
image_4909,4,6
image_4910,4,6
image_4911,4,6
image_4912,4,6
image_4913,4,6
image_4914,4,6
image_4915,4,6
image_4916,4,6
image_4917,4,6
image_4918,4,6
image_4919,4,6
image_4920,4,6
image_4921,4,6
image_4922,4,6
image_4923,4,6
image_4924,4,6
image_4925,4,6
image_4926,4,6
image_4927,4,6
image_4928,4,6
image_4929,4,6
image_4930,4,6
image_4931,4,6
image_4932,4,6
image_4933,4,6
image_4934,4,6
image_4935,4,6
image_4936,4,6
image_4937,4,6
image_4938,4,6
image_4939,4,6
image_4940,4,6
image_4941,4,6
image_4942,4,6
image_4943,4,6
image_4944,4,6
image_4945,4,6
image_4946,4,6
image_4947,4,6
image_4948,4,6
image_4949,4,6
image_4950,4,6
image_4951,4,6
image_4952,4,6
image_4953,4,6
image_4954,4,6
image_4955,4,6
image_4956,4,6
image_4957,4,6
image_4958,4,6
image_4959,4,6
image_4960,4,6
image_4961,4,6
image_4962,4,6
image_4963,4,6
image_4964,4,6
image_4965,4,6
image_4966,4,6
image_4967,4,6
image_4968,4,6
image_4969,4,6
image_4970,4,6
image_4971,4,6
image_4972,4,6
image_4973,4,6
image_4974,4,6
image_4975,4,6
image_4976,4,6
image_4977,4,6
image_4978,4,6
image_4979,4,6
image_4980,4,6
image_4981,4,6
image_4982,4,6
image_4983,4,6
image_4984,4,6
image_4985,4,6
image_4986,4,6
image_4987,4,6
image_4988,4,6
image_4989,4,6
image_4990,4,6
image_4991,4,6
image_4992,4,6
image_4993,4,6
image_4994,4,6
image_4995,4,6
image_4996,4,6
image_4997,4,6
image_4998,4,6
image_4999,4,6
image_5000,4,6
image_5001,4,6
image_5002,4,6
image_5003,4,6
image_5004,4,6
image_5005,4,6
image_5006,4,6
image_5007,4,6
image_5008,4,6
image_5009,4,6
image_5010,4,6
image_5011,4,6
image_5012,4,6
image_5013,4,6
image_5014,4,6
image_5015,4,6
image_5016,4,6
image_5017,4,6
image_5018,4,6
image_5019,4,6
image_5020,4,6
image_5021,4,6
image_5022,4,6
image_5023,4,6
image_5024,4,6
image_5025,4,6
image_5026,4,6
image_5027,4,6
image_5028,4,6
image_5029,4,6
image_5030,4,6
image_5031,4,6
image_5032,4,6
image_5033,4,6
image_5034,4,6
image_5035,4,6
image_5036,4,6
image_5037,4,6
image_5038,4,6
image_5039,4,6
image_5040,4,6
image_5041,4,6
image_5042,4,6
image_5043,4,6
image_5044,4,6
image_5045,4,6
image_5046,4,6
image_5047,4,6
image_5048,4,6
image_5049,4,6
image_5050,4,6
image_5051,4,6
image_5052,4,6
image_5053,4,6
image_5054,4,6
image_5055,4,6
image_5056,4,6
image_5057,4,6
image_5058,4,6
image_5059,4,6
image_5060,4,6
image_5061,4,6
image_5062,4,6
image_5063,4,6
image_5064,4,6
image_5065,4,6
image_5066,4,6
image_5067,4,6
image_5068,4,6
image_5069,4,6
image_5070,4,6
image_5071,4,6
image_5072,4,6
image_5073,4,6
image_5074,4,6
image_5075,4,6
image_5076,4,6
image_5077,4,6
image_5078,4,6
image_5079,4,6
image_5080,4,6
image_5081,4,6
image_5082,4,6
image_5083,4,6
image_5084,4,6
image_5085,4,6
image_5086,4,6
image_5087,4,6
image_5088,4,6
image_5089,4,6
image_5090,4,6
image_5091,4,6
image_5092,4,6
image_5093,4,6
image_5094,4,6
image_5095,4,6
image_5096,4,6
image_5097,4,6
image_5098,4,6
image_5099,4,6
image_5100,4,7
image_5101,4,7
image_5102,4,7
image_5103,4,7
image_5104,4,7
image_5105,4,7
image_5106,4,7
image_5107,4,7
image_5108,4,7
image_5109,4,7
image_5110,4,7
image_5111,4,7
image_5112,4,7
image_5113,4,7
image_5114,4,7
image_5115,4,7
image_5116,4,7
image_5117,4,7
image_5118,4,7
image_5119,4,7
image_5120,4,7
image_5121,4,7
image_5122,4,7
image_5123,4,7
image_5124,4,7
image_5125,4,7
image_5126,4,7
image_5127,4,7
image_5128,4,7
image_5129,4,7
image_5130,4,7
image_5131,4,7
image_5132,4,7
image_5133,4,7
image_5134,4,7
image_5135,4,7
image_5136,4,7
image_5137,4,7
image_5138,4,7
image_5139,4,7
image_5140,4,7
image_5141,4,7
image_5142,4,7
image_5143,4,7
image_5144,4,7
image_5145,4,7
image_5146,4,7
image_5147,4,7
image_5148,4,7
image_5149,4,7
image_5150,4,7
image_5151,4,7
image_5152,4,7
image_5153,4,7
image_5154,4,7
image_5155,4,7
image_5156,4,7
image_5157,4,7
image_5158,4,7
image_5159,4,7
image_5160,4,7
image_5161,4,7
image_5162,4,7
image_5163,4,7
image_5164,4,7
image_5165,4,7
image_5166,4,7
image_5167,4,7
image_5168,4,7
image_5169,4,7
image_5170,4,7
image_5171,4,7
image_5172,4,7
image_5173,4,7
image_5174,4,7
image_5175,4,7
image_5176,4,7
image_5177,4,7
image_5178,4,7
image_5179,4,7
image_5180,4,7
image_5181,4,7
image_5182,4,7
image_5183,4,7
image_5184,4,7
image_5185,4,7
image_5186,4,7
image_5187,4,7
image_5188,4,7
image_5189,4,7
image_5190,4,7
image_5191,4,7
image_5192,4,7
image_5193,4,7
image_5194,4,7
image_5195,4,7
image_5196,4,7
image_5197,4,7
image_5198,4,7
image_5199,4,7
image_5200,4,7
image_5201,4,7
image_5202,4,7
image_5203,4,7
image_5204,4,7
image_5205,4,7
image_5206,4,7
image_5207,4,7
image_5208,4,7
image_5209,4,7
image_5210,4,7
image_5211,4,7
image_5212,4,7
image_5213,4,7
image_5214,4,7
image_5215,4,7
image_5216,4,7
image_5217,4,7
image_5218,4,7
image_5219,4,7
image_5220,4,7
image_5221,4,7
image_5222,4,7
image_5223,4,7
image_5224,4,7
image_5225,4,7
image_5226,4,7
image_5227,4,7
image_5228,4,7
image_5229,4,7
image_5230,4,7
image_5231,4,7
image_5232,4,7
image_5233,4,7
image_5234,4,7
image_5235,4,7
image_5236,4,7
image_5237,4,7
image_5238,4,7
image_5239,4,7
image_5240,4,7
image_5241,4,7
image_5242,4,7
image_5243,4,7
image_5244,4,7
image_5245,4,7
image_5246,4,7
image_5247,4,7
image_5248,4,7
image_5249,4,7
image_5250,4,7
image_5251,4,7
image_5252,4,7
image_5253,4,7
image_5254,4,7
image_5255,4,7
image_5256,4,7
image_5257,4,7
image_5258,4,7
image_5259,4,7
image_5260,4,7
image_5261,4,7
image_5262,4,7
image_5263,4,7
image_5264,4,7
image_5265,4,7
image_5266,4,7
image_5267,4,7
image_5268,4,7
image_5269,4,7
image_5270,4,7
image_5271,4,7
image_5272,4,7
image_5273,4,7
image_5274,4,7
image_5275,4,7
image_5276,4,7
image_5277,4,7
image_5278,4,7
image_5279,4,7
image_5280,4,7
image_5281,4,7
image_5282,4,7
image_5283,4,7
image_5284,4,7
image_5285,4,7
image_5286,4,7
image_5287,4,7
image_5288,4,7
image_5289,4,7
image_5290,4,7
image_5291,4,7
image_5292,4,7
image_5293,4,7
image_5294,4,7
image_5295,4,7
image_5296,4,7
image_5297,4,7
image_5298,4,7
image_5299,4,7
image_5300,4,7
image_5301,4,7
image_5302,4,7
image_5303,4,7
image_5304,4,7
image_5305,4,7
image_5306,4,7
image_5307,4,7
image_5308,4,7
image_5309,4,7
image_5310,4,7
image_5311,4,7
image_5312,4,7
image_5313,4,7
image_5314,4,7
image_5315,4,7
image_5316,4,7
image_5317,4,7
image_5318,4,7
image_5319,4,7
image_5320,4,7
image_5321,4,7
image_5322,4,7
image_5323,4,7
image_5324,4,7
image_5325,4,7
image_5326,4,7
image_5327,4,7
image_5328,4,7
image_5329,4,7
image_5330,4,7
image_5331,4,7
image_5332,4,7
image_5333,4,7
image_5334,4,7
image_5335,4,7
image_5336,4,7
image_5337,4,7
image_5338,4,7
image_5339,4,7
image_5340,4,7
image_5341,4,7
image_5342,4,7
image_5343,4,7
image_5344,4,7
image_5345,4,7
image_5346,4,7
image_5347,4,7
image_5348,4,7
image_5349,4,7
image_5350,4,7
image_5351,4,7
image_5352,4,7
image_5353,4,7
image_5354,4,7
image_5355,4,7
image_5356,4,7
image_5357,4,7
image_5358,4,7
image_5359,4,7
image_5360,4,7
image_5361,4,7
image_5362,4,7
image_5363,4,7
image_5364,4,7
image_5365,4,7
image_5366,4,7
image_5367,4,7
image_5368,4,7
image_5369,4,7
image_5370,4,7
image_5371,4,7
image_5372,4,7
image_5373,4,7
image_5374,4,7
image_5375,4,7
image_5376,4,7
image_5377,4,7
image_5378,4,7
image_5379,4,7
image_5380,4,7
image_5381,4,7
image_5382,4,7
image_5383,4,7
image_5384,4,7
image_5385,4,7
image_5386,4,7
image_5387,4,7
image_5388,4,7
image_5389,4,7
image_5390,4,7
image_5391,4,7
image_5392,4,7
image_5393,4,7
image_5394,4,7
image_5395,4,7
image_5396,4,7
image_5397,4,7
image_5398,4,7
image_5399,4,7
image_5400,5,6
image_5401,5,6
image_5402,5,6
image_5403,5,6
image_5404,5,6
image_5405,5,6
image_5406,5,6
image_5407,5,6
image_5408,5,6
image_5409,5,6
image_5410,5,6
image_5411,5,6
image_5412,5,6
image_5413,5,6
image_5414,5,6
image_5415,5,6
image_5416,5,6
image_5417,5,6
image_5418,5,6
image_5419,5,6
image_5420,5,6
image_5421,5,6
image_5422,5,6
image_5423,5,6
image_5424,5,6
image_5425,5,6
image_5426,5,6
image_5427,5,6
image_5428,5,6
image_5429,5,6
image_5430,5,6
image_5431,5,6
image_5432,5,6
image_5433,5,6
image_5434,5,6
image_5435,5,6
image_5436,5,6
image_5437,5,6
image_5438,5,6
image_5439,5,6
image_5440,5,6
image_5441,5,6
image_5442,5,6
image_5443,5,6
image_5444,5,6
image_5445,5,6
image_5446,5,6
image_5447,5,6
image_5448,5,6
image_5449,5,6
image_5450,5,6
image_5451,5,6
image_5452,5,6
image_5453,5,6
image_5454,5,6
image_5455,5,6
image_5456,5,6
image_5457,5,6
image_5458,5,6
image_5459,5,6
image_5460,5,6
image_5461,5,6
image_5462,5,6
image_5463,5,6
image_5464,5,6
image_5465,5,6
image_5466,5,6
image_5467,5,6
image_5468,5,6
image_5469,5,6
image_5470,5,6
image_5471,5,6
image_5472,5,6
image_5473,5,6
image_5474,5,6
image_5475,5,6
image_5476,5,6
image_5477,5,6
image_5478,5,6
image_5479,5,6
image_5480,5,6
image_5481,5,6
image_5482,5,6
image_5483,5,6
image_5484,5,6
image_5485,5,6
image_5486,5,6
image_5487,5,6
image_5488,5,6
image_5489,5,6
image_5490,5,6
image_5491,5,6
image_5492,5,6
image_5493,5,6
image_5494,5,6
image_5495,5,6
image_5496,5,6
image_5497,5,6
image_5498,5,6
image_5499,5,6
image_5500,5,6
image_5501,5,6
image_5502,5,6
image_5503,5,6
image_5504,5,6
image_5505,5,6
image_5506,5,6
image_5507,5,6
image_5508,5,6
image_5509,5,6
image_5510,5,6
image_5511,5,6
image_5512,5,6
image_5513,5,6
image_5514,5,6
image_5515,5,6
image_5516,5,6
image_5517,5,6
image_5518,5,6
image_5519,5,6
image_5520,5,6
image_5521,5,6
image_5522,5,6
image_5523,5,6
image_5524,5,6
image_5525,5,6
image_5526,5,6
image_5527,5,6
image_5528,5,6
image_5529,5,6
image_5530,5,6
image_5531,5,6
image_5532,5,6
image_5533,5,6
image_5534,5,6
image_5535,5,6
image_5536,5,6
image_5537,5,6
image_5538,5,6
image_5539,5,6
image_5540,5,6
image_5541,5,6
image_5542,5,6
image_5543,5,6
image_5544,5,6
image_5545,5,6
image_5546,5,6
image_5547,5,6
image_5548,5,6
image_5549,5,6
image_5550,5,6
image_5551,5,6
image_5552,5,6
image_5553,5,6
image_5554,5,6
image_5555,5,6
image_5556,5,6
image_5557,5,6
image_5558,5,6
image_5559,5,6
image_5560,5,6
image_5561,5,6
image_5562,5,6
image_5563,5,6
image_5564,5,6
image_5565,5,6
image_5566,5,6
image_5567,5,6
image_5568,5,6
image_5569,5,6
image_5570,5,6
image_5571,5,6
image_5572,5,6
image_5573,5,6
image_5574,5,6
image_5575,5,6
image_5576,5,6
image_5577,5,6
image_5578,5,6
image_5579,5,6
image_5580,5,6
image_5581,5,6
image_5582,5,6
image_5583,5,6
image_5584,5,6
image_5585,5,6
image_5586,5,6
image_5587,5,6
image_5588,5,6
image_5589,5,6
image_5590,5,6
image_5591,5,6
image_5592,5,6
image_5593,5,6
image_5594,5,6
image_5595,5,6
image_5596,5,6
image_5597,5,6
image_5598,5,6
image_5599,5,6
image_5600,5,6
image_5601,5,6
image_5602,5,6
image_5603,5,6
image_5604,5,6
image_5605,5,6
image_5606,5,6
image_5607,5,6
image_5608,5,6
image_5609,5,6
image_5610,5,6
image_5611,5,6
image_5612,5,6
image_5613,5,6
image_5614,5,6
image_5615,5,6
image_5616,5,6
image_5617,5,6
image_5618,5,6
image_5619,5,6
image_5620,5,6
image_5621,5,6
image_5622,5,6
image_5623,5,6
image_5624,5,6
image_5625,5,6
image_5626,5,6
image_5627,5,6
image_5628,5,6
image_5629,5,6
image_5630,5,6
image_5631,5,6
image_5632,5,6
image_5633,5,6
image_5634,5,6
image_5635,5,6
image_5636,5,6
image_5637,5,6
image_5638,5,6
image_5639,5,6
image_5640,5,6
image_5641,5,6
image_5642,5,6
image_5643,5,6
image_5644,5,6
image_5645,5,6
image_5646,5,6
image_5647,5,6
image_5648,5,6
image_5649,5,6
image_5650,5,6
image_5651,5,6
image_5652,5,6
image_5653,5,6
image_5654,5,6
image_5655,5,6
image_5656,5,6
image_5657,5,6
image_5658,5,6
image_5659,5,6
image_5660,5,6
image_5661,5,6
image_5662,5,6
image_5663,5,6
image_5664,5,6
image_5665,5,6
image_5666,5,6
image_5667,5,6
image_5668,5,6
image_5669,5,6
image_5670,5,6
image_5671,5,6
image_5672,5,6
image_5673,5,6
image_5674,5,6
image_5675,5,6
image_5676,5,6
image_5677,5,6
image_5678,5,6
image_5679,5,6
image_5680,5,6
image_5681,5,6
image_5682,5,6
image_5683,5,6
image_5684,5,6
image_5685,5,6
image_5686,5,6
image_5687,5,6
image_5688,5,6
image_5689,5,6
image_5690,5,6
image_5691,5,6
image_5692,5,6
image_5693,5,6
image_5694,5,6
image_5695,5,6
image_5696,5,6
image_5697,5,6
image_5698,5,6
image_5699,5,6
image_5700,5,7
image_5701,5,7
image_5702,5,7
image_5703,5,7
image_5704,5,7
image_5705,5,7
image_5706,5,7
image_5707,5,7
image_5708,5,7
image_5709,5,7
image_5710,5,7
image_5711,5,7
image_5712,5,7
image_5713,5,7
image_5714,5,7
image_5715,5,7
image_5716,5,7
image_5717,5,7
image_5718,5,7
image_5719,5,7
image_5720,5,7
image_5721,5,7
image_5722,5,7
image_5723,5,7
image_5724,5,7
image_5725,5,7
image_5726,5,7
image_5727,5,7
image_5728,5,7
image_5729,5,7
image_5730,5,7
image_5731,5,7
image_5732,5,7
image_5733,5,7
image_5734,5,7
image_5735,5,7
image_5736,5,7
image_5737,5,7
image_5738,5,7
image_5739,5,7
image_5740,5,7
image_5741,5,7
image_5742,5,7
image_5743,5,7
image_5744,5,7
image_5745,5,7
image_5746,5,7
image_5747,5,7
image_5748,5,7
image_5749,5,7
image_5750,5,7
image_5751,5,7
image_5752,5,7
image_5753,5,7
image_5754,5,7
image_5755,5,7
image_5756,5,7
image_5757,5,7
image_5758,5,7
image_5759,5,7
image_5760,5,7
image_5761,5,7
image_5762,5,7
image_5763,5,7
image_5764,5,7
image_5765,5,7
image_5766,5,7
image_5767,5,7
image_5768,5,7
image_5769,5,7
image_5770,5,7
image_5771,5,7
image_5772,5,7
image_5773,5,7
image_5774,5,7
image_5775,5,7
image_5776,5,7
image_5777,5,7
image_5778,5,7
image_5779,5,7
image_5780,5,7
image_5781,5,7
image_5782,5,7
image_5783,5,7
image_5784,5,7
image_5785,5,7
image_5786,5,7
image_5787,5,7
image_5788,5,7
image_5789,5,7
image_5790,5,7
image_5791,5,7
image_5792,5,7
image_5793,5,7
image_5794,5,7
image_5795,5,7
image_5796,5,7
image_5797,5,7
image_5798,5,7
image_5799,5,7
image_5800,5,7
image_5801,5,7
image_5802,5,7
image_5803,5,7
image_5804,5,7
image_5805,5,7
image_5806,5,7
image_5807,5,7
image_5808,5,7
image_5809,5,7
image_5810,5,7
image_5811,5,7
image_5812,5,7
image_5813,5,7
image_5814,5,7
image_5815,5,7
image_5816,5,7
image_5817,5,7
image_5818,5,7
image_5819,5,7
image_5820,5,7
image_5821,5,7
image_5822,5,7
image_5823,5,7
image_5824,5,7
image_5825,5,7
image_5826,5,7
image_5827,5,7
image_5828,5,7
image_5829,5,7
image_5830,5,7
image_5831,5,7
image_5832,5,7
image_5833,5,7
image_5834,5,7
image_5835,5,7
image_5836,5,7
image_5837,5,7
image_5838,5,7
image_5839,5,7
image_5840,5,7
image_5841,5,7
image_5842,5,7
image_5843,5,7
image_5844,5,7
image_5845,5,7
image_5846,5,7
image_5847,5,7
image_5848,5,7
image_5849,5,7
image_5850,5,7
image_5851,5,7
image_5852,5,7
image_5853,5,7
image_5854,5,7
image_5855,5,7
image_5856,5,7
image_5857,5,7
image_5858,5,7
image_5859,5,7
image_5860,5,7
image_5861,5,7
image_5862,5,7
image_5863,5,7
image_5864,5,7
image_5865,5,7
image_5866,5,7
image_5867,5,7
image_5868,5,7
image_5869,5,7
image_5870,5,7
image_5871,5,7
image_5872,5,7
image_5873,5,7
image_5874,5,7
image_5875,5,7
image_5876,5,7
image_5877,5,7
image_5878,5,7
image_5879,5,7
image_5880,5,7
image_5881,5,7
image_5882,5,7
image_5883,5,7
image_5884,5,7
image_5885,5,7
image_5886,5,7
image_5887,5,7
image_5888,5,7
image_5889,5,7
image_5890,5,7
image_5891,5,7
image_5892,5,7
image_5893,5,7
image_5894,5,7
image_5895,5,7
image_5896,5,7
image_5897,5,7
image_5898,5,7
image_5899,5,7
image_5900,5,7
image_5901,5,7
image_5902,5,7
image_5903,5,7
image_5904,5,7
image_5905,5,7
image_5906,5,7
image_5907,5,7
image_5908,5,7
image_5909,5,7
image_5910,5,7
image_5911,5,7
image_5912,5,7
image_5913,5,7
image_5914,5,7
image_5915,5,7
image_5916,5,7
image_5917,5,7
image_5918,5,7
image_5919,5,7
image_5920,5,7
image_5921,5,7
image_5922,5,7
image_5923,5,7
image_5924,5,7
image_5925,5,7
image_5926,5,7
image_5927,5,7
image_5928,5,7
image_5929,5,7
image_5930,5,7
image_5931,5,7
image_5932,5,7
image_5933,5,7
image_5934,5,7
image_5935,5,7
image_5936,5,7
image_5937,5,7
image_5938,5,7
image_5939,5,7
image_5940,5,7
image_5941,5,7
image_5942,5,7
image_5943,5,7
image_5944,5,7
image_5945,5,7
image_5946,5,7
image_5947,5,7
image_5948,5,7
image_5949,5,7
image_5950,5,7
image_5951,5,7
image_5952,5,7
image_5953,5,7
image_5954,5,7
image_5955,5,7
image_5956,5,7
image_5957,5,7
image_5958,5,7
image_5959,5,7
image_5960,5,7
image_5961,5,7
image_5962,5,7
image_5963,5,7
image_5964,5,7
image_5965,5,7
image_5966,5,7
image_5967,5,7
image_5968,5,7
image_5969,5,7
image_5970,5,7
image_5971,5,7
image_5972,5,7
image_5973,5,7
image_5974,5,7
image_5975,5,7
image_5976,5,7
image_5977,5,7
image_5978,5,7
image_5979,5,7
image_5980,5,7
image_5981,5,7
image_5982,5,7
image_5983,5,7
image_5984,5,7
image_5985,5,7
image_5986,5,7
image_5987,5,7
image_5988,5,7
image_5989,5,7
image_5990,5,7
image_5991,5,7
image_5992,5,7
image_5993,5,7
image_5994,5,7
image_5995,5,7
image_5996,5,7
image_5997,5,7
image_5998,5,7
image_5999,5,7
image_6000,6,7
image_6001,6,7
image_6002,6,7
image_6003,6,7
image_6004,6,7
image_6005,6,7
image_6006,6,7
image_6007,6,7
image_6008,6,7
image_6009,6,7
image_6010,6,7
image_6011,6,7
image_6012,6,7
image_6013,6,7
image_6014,6,7
image_6015,6,7
image_6016,6,7
image_6017,6,7
image_6018,6,7
image_6019,6,7
image_6020,6,7
image_6021,6,7
image_6022,6,7
image_6023,6,7
image_6024,6,7
image_6025,6,7
image_6026,6,7
image_6027,6,7
image_6028,6,7
image_6029,6,7
image_6030,6,7
image_6031,6,7
image_6032,6,7
image_6033,6,7
image_6034,6,7
image_6035,6,7
image_6036,6,7
image_6037,6,7
image_6038,6,7
image_6039,6,7
image_6040,6,7
image_6041,6,7
image_6042,6,7
image_6043,6,7
image_6044,6,7
image_6045,6,7
image_6046,6,7
image_6047,6,7
image_6048,6,7
image_6049,6,7
image_6050,6,7
image_6051,6,7
image_6052,6,7
image_6053,6,7
image_6054,6,7
image_6055,6,7
image_6056,6,7
image_6057,6,7
image_6058,6,7
image_6059,6,7
image_6060,6,7
image_6061,6,7
image_6062,6,7
image_6063,6,7
image_6064,6,7
image_6065,6,7
image_6066,6,7
image_6067,6,7
image_6068,6,7
image_6069,6,7
image_6070,6,7
image_6071,6,7
image_6072,6,7
image_6073,6,7
image_6074,6,7
image_6075,6,7
image_6076,6,7
image_6077,6,7
image_6078,6,7
image_6079,6,7
image_6080,6,7
image_6081,6,7
image_6082,6,7
image_6083,6,7
image_6084,6,7
image_6085,6,7
image_6086,6,7
image_6087,6,7
image_6088,6,7
image_6089,6,7
image_6090,6,7
image_6091,6,7
image_6092,6,7
image_6093,6,7
image_6094,6,7
image_6095,6,7
image_6096,6,7
image_6097,6,7
image_6098,6,7
image_6099,6,7
image_6100,6,7
image_6101,6,7
image_6102,6,7
image_6103,6,7
image_6104,6,7
image_6105,6,7
image_6106,6,7
image_6107,6,7
image_6108,6,7
image_6109,6,7
image_6110,6,7
image_6111,6,7
image_6112,6,7
image_6113,6,7
image_6114,6,7
image_6115,6,7
image_6116,6,7
image_6117,6,7
image_6118,6,7
image_6119,6,7
image_6120,6,7
image_6121,6,7
image_6122,6,7
image_6123,6,7
image_6124,6,7
image_6125,6,7
image_6126,6,7
image_6127,6,7
image_6128,6,7
image_6129,6,7
image_6130,6,7
image_6131,6,7
image_6132,6,7
image_6133,6,7
image_6134,6,7
image_6135,6,7
image_6136,6,7
image_6137,6,7
image_6138,6,7
image_6139,6,7
image_6140,6,7
image_6141,6,7
image_6142,6,7
image_6143,6,7
image_6144,6,7
image_6145,6,7
image_6146,6,7
image_6147,6,7
image_6148,6,7
image_6149,6,7
image_6150,6,7
image_6151,6,7
image_6152,6,7
image_6153,6,7
image_6154,6,7
image_6155,6,7
image_6156,6,7
image_6157,6,7
image_6158,6,7
image_6159,6,7
image_6160,6,7
image_6161,6,7
image_6162,6,7
image_6163,6,7
image_6164,6,7
image_6165,6,7
image_6166,6,7
image_6167,6,7
image_6168,6,7
image_6169,6,7
image_6170,6,7
image_6171,6,7
image_6172,6,7
image_6173,6,7
image_6174,6,7
image_6175,6,7
image_6176,6,7
image_6177,6,7
image_6178,6,7
image_6179,6,7
image_6180,6,7
image_6181,6,7
image_6182,6,7
image_6183,6,7
image_6184,6,7
image_6185,6,7
image_6186,6,7
image_6187,6,7
image_6188,6,7
image_6189,6,7
image_6190,6,7
image_6191,6,7
image_6192,6,7
image_6193,6,7
image_6194,6,7
image_6195,6,7
image_6196,6,7
image_6197,6,7
image_6198,6,7
image_6199,6,7
image_6200,6,7
image_6201,6,7
image_6202,6,7
image_6203,6,7
image_6204,6,7
image_6205,6,7
image_6206,6,7
image_6207,6,7
image_6208,6,7
image_6209,6,7
image_6210,6,7
image_6211,6,7
image_6212,6,7
image_6213,6,7
image_6214,6,7
image_6215,6,7
image_6216,6,7
image_6217,6,7
image_6218,6,7
image_6219,6,7
image_6220,6,7
image_6221,6,7
image_6222,6,7
image_6223,6,7
image_6224,6,7
image_6225,6,7
image_6226,6,7
image_6227,6,7
image_6228,6,7
image_6229,6,7
image_6230,6,7
image_6231,6,7
image_6232,6,7
image_6233,6,7
image_6234,6,7
image_6235,6,7
image_6236,6,7
image_6237,6,7
image_6238,6,7
image_6239,6,7
image_6240,6,7
image_6241,6,7
image_6242,6,7
image_6243,6,7
image_6244,6,7
image_6245,6,7
image_6246,6,7
image_6247,6,7
image_6248,6,7
image_6249,6,7
image_6250,6,7
image_6251,6,7
image_6252,6,7
image_6253,6,7
image_6254,6,7
image_6255,6,7
image_6256,6,7
image_6257,6,7
image_6258,6,7
image_6259,6,7
image_6260,6,7
image_6261,6,7
image_6262,6,7
image_6263,6,7
image_6264,6,7
image_6265,6,7
image_6266,6,7
image_6267,6,7
image_6268,6,7
image_6269,6,7
image_6270,6,7
image_6271,6,7
image_6272,6,7
image_6273,6,7
image_6274,6,7
image_6275,6,7
image_6276,6,7
image_6277,6,7
image_6278,6,7
image_6279,6,7
image_6280,6,7
image_6281,6,7
image_6282,6,7
image_6283,6,7
image_6284,6,7
image_6285,6,7
image_6286,6,7
image_6287,6,7
image_6288,6,7
image_6289,6,7
image_6290,6,7
image_6291,6,7
image_6292,6,7
image_6293,6,7
image_6294,6,7
image_6295,6,7
image_6296,6,7
image_6297,6,7
image_6298,6,7
image_6299,6,7
